{
  "fio version" : "fio-3.41-53-g9af9",
  "timestamp" : 1774948559,
  "timestamp_ms" : 1774948559094,
  "time" : "Tue Mar 31 02:15:59 2026",
  "jobs" : [
    {
      "jobname" : "data_16MB",
      "groupid" : 0,
      "job_start" : 1774948498733,
      "error" : 0,
      "eta" : 0,
      "elapsed" : 62,
      "job options" : {
        "name" : "data_16MB",
        "rw" : "read",
        "bs" : "16777216",
        "direct" : "1",
        "ioengine" : "dfs",
        "iodepth" : "1",
        "numjobs" : "1",
        "size" : "10G",
        "runtime" : "60s",
        "time_based" : "",
        "group_reporting" : "",
        "pool" : "Pool1",
        "cont" : "fio_bench"
      },
      "read" : {
        "io_bytes" : 38990249984,
        "io_kbytes" : 38076416,
        "bw_bytes" : 649815839,
        "bw" : 634585,
        "iops" : 38.732042,
        "runtime" : 60002,
        "total_ios" : 2324,
        "short_ios" : 0,
        "drop_ios" : 0,
        "slat_ns" : {
          "min" : 185807,
          "max" : 959401,
          "mean" : 260931.887263,
          "stddev" : 62879.807855,
          "N" : 2324
        },
        "clat_ns" : {
          "min" : 17578604,
          "max" : 210629098,
          "mean" : 25544198.826162,
          "stddev" : 7472945.608596,
          "N" : 2324,
          "percentile" : {
            "1.000000" : 18743296,
            "5.000000" : 20578304,
            "10.000000" : 21889024,
            "20.000000" : 22675456,
            "30.000000" : 22937600,
            "40.000000" : 23199744,
            "50.000000" : 23724032,
            "60.000000" : 24248320,
            "70.000000" : 25034752,
            "80.000000" : 25821184,
            "90.000000" : 31850496,
            "95.000000" : 37486592,
            "99.000000" : 50593792,
            "99.500000" : 52690944,
            "99.900000" : 74973184,
            "99.950000" : 168820736,
            "99.990000" : 210763776
          }
        },
        "lat_ns" : {
          "min" : 17799707,
          "max" : 210868886,
          "mean" : 25805130.713425,
          "stddev" : 7519480.981209,
          "N" : 2324
        },
        "bw_min" : 262144,
        "bw_max" : 753664,
        "bw_agg" : 100.000000,
        "bw_mean" : 634606.933333,
        "bw_dev" : 107965.574619,
        "bw_samples" : 120,
        "iops_min" : 16,
        "iops_max" : 46,
        "iops_mean" : 38.733333,
        "iops_stddev" : 6.589696,
        "iops_samples" : 120
      },
      "write" : {
        "io_bytes" : 0,
        "io_kbytes" : 0,
        "bw_bytes" : 0,
        "bw" : 0,
        "iops" : 0.000000,
        "runtime" : 0,
        "total_ios" : 0,
        "short_ios" : 0,
        "drop_ios" : 0,
        "slat_ns" : {
          "min" : 0,
          "max" : 0,
          "mean" : 0.000000,
          "stddev" : 0.000000,
          "N" : 0
        },
        "clat_ns" : {
          "min" : 0,
          "max" : 0,
          "mean" : 0.000000,
          "stddev" : 0.000000,
          "N" : 0
        },
        "lat_ns" : {
          "min" : 0,
          "max" : 0,
          "mean" : 0.000000,
          "stddev" : 0.000000,
          "N" : 0
        },
        "bw_min" : 0,
        "bw_max" : 0,
        "bw_agg" : 0.000000,
        "bw_mean" : 0.000000,
        "bw_dev" : 0.000000,
        "bw_samples" : 0,
        "iops_min" : 0,
        "iops_max" : 0,
        "iops_mean" : 0.000000,
        "iops_stddev" : 0.000000,
        "iops_samples" : 0
      },
      "trim" : {
        "io_bytes" : 0,
        "io_kbytes" : 0,
        "bw_bytes" : 0,
        "bw" : 0,
        "iops" : 0.000000,
        "runtime" : 0,
        "total_ios" : 0,
        "short_ios" : 0,
        "drop_ios" : 0,
        "slat_ns" : {
          "min" : 0,
          "max" : 0,
          "mean" : 0.000000,
          "stddev" : 0.000000,
          "N" : 0
        },
        "clat_ns" : {
          "min" : 0,
          "max" : 0,
          "mean" : 0.000000,
          "stddev" : 0.000000,
          "N" : 0
        },
        "lat_ns" : {
          "min" : 0,
          "max" : 0,
          "mean" : 0.000000,
          "stddev" : 0.000000,
          "N" : 0
        },
        "bw_min" : 0,
        "bw_max" : 0,
        "bw_agg" : 0.000000,
        "bw_mean" : 0.000000,
        "bw_dev" : 0.000000,
        "bw_samples" : 0,
        "iops_min" : 0,
        "iops_max" : 0,
        "iops_mean" : 0.000000,
        "iops_stddev" : 0.000000,
        "iops_samples" : 0
      },
      "sync" : {
        "total_ios" : 0,
        "lat_ns" : {
          "min" : 0,
          "max" : 0,
          "mean" : 0.000000,
          "stddev" : 0.000000,
          "N" : 0
        }
      },
      "job_runtime" : 60001,
      "usr_cpu" : 11.878135,
      "sys_cpu" : 87.966867,
      "ctx" : 4917,
      "majf" : 0,
      "minf" : 57276,
      "iodepth_level" : {
        "1" : 100.000000,
        "2" : 0.000000,
        "4" : 0.000000,
        "8" : 0.000000,
        "16" : 0.000000,
        "32" : 0.000000,
        ">=64" : 0.000000
      },
      "iodepth_submit" : {
        "0" : 0.000000,
        "4" : 100.000000,
        "8" : 0.000000,
        "16" : 0.000000,
        "32" : 0.000000,
        "64" : 0.000000,
        ">=64" : 0.000000
      },
      "iodepth_complete" : {
        "0" : 0.000000,
        "4" : 100.000000,
        "8" : 0.000000,
        "16" : 0.000000,
        "32" : 0.000000,
        "64" : 0.000000,
        ">=64" : 0.000000
      },
      "latency_ns" : {
        "2" : 0.000000,
        "4" : 0.000000,
        "10" : 0.000000,
        "20" : 0.000000,
        "50" : 0.000000,
        "100" : 0.000000,
        "250" : 0.000000,
        "500" : 0.000000,
        "750" : 0.000000,
        "1000" : 0.000000
      },
      "latency_us" : {
        "2" : 0.000000,
        "4" : 0.000000,
        "10" : 0.000000,
        "20" : 0.000000,
        "50" : 0.000000,
        "100" : 0.000000,
        "250" : 0.000000,
        "500" : 0.000000,
        "750" : 0.000000,
        "1000" : 0.000000
      },
      "latency_ms" : {
        "2" : 0.000000,
        "4" : 0.000000,
        "10" : 0.000000,
        "20" : 4.216867,
        "50" : 94.664372,
        "100" : 1.032702,
        "250" : 0.086059,
        "500" : 0.000000,
        "750" : 0.000000,
        "1000" : 0.000000,
        "2000" : 0.000000,
        ">=2000" : 0.000000
      },
      "latency_depth" : 1,
      "latency_target" : 0,
      "latency_percentile" : 100.000000,
      "latency_window" : 0
    }
  ]
}
