{
  "fio version" : "fio-3.41-53-g9af9",
  "timestamp" : 1774947561,
  "timestamp_ms" : 1774947561798,
  "time" : "Tue Mar 31 01:59:21 2026",
  "jobs" : [
    {
      "jobname" : "data_64KB",
      "groupid" : 0,
      "job_start" : 1774947501500,
      "error" : 0,
      "eta" : 0,
      "elapsed" : 62,
      "job options" : {
        "name" : "data_64KB",
        "rw" : "read",
        "bs" : "65536",
        "direct" : "1",
        "ioengine" : "dfs",
        "iodepth" : "1",
        "numjobs" : "1",
        "size" : "10G",
        "runtime" : "60s",
        "time_based" : "",
        "group_reporting" : "",
        "pool" : "Pool1",
        "cont" : "fio_bench"
      },
      "read" : {
        "io_bytes" : 7938375680,
        "io_kbytes" : 7752320,
        "bw_bytes" : 132304056,
        "bw" : 129203,
        "iops" : 2018.799687,
        "runtime" : 60001,
        "total_ios" : 121130,
        "short_ios" : 0,
        "drop_ios" : 0,
        "slat_ns" : {
          "min" : 10840,
          "max" : 413723,
          "mean" : 32793.597333,
          "stddev" : 15908.364630,
          "N" : 121130
        },
        "clat_ns" : {
          "min" : 184935,
          "max" : 29513313,
          "mean" : 461626.394337,
          "stddev" : 223908.696028,
          "N" : 121130,
          "percentile" : {
            "1.000000" : 305152,
            "5.000000" : 342016,
            "10.000000" : 362496,
            "20.000000" : 391168,
            "30.000000" : 411648,
            "40.000000" : 432128,
            "50.000000" : 452608,
            "60.000000" : 473088,
            "70.000000" : 497664,
            "80.000000" : 528384,
            "90.000000" : 569344,
            "95.000000" : 602112,
            "99.000000" : 667648,
            "99.500000" : 692224,
            "99.900000" : 765952,
            "99.950000" : 806912,
            "99.990000" : 1269760
          }
        },
        "lat_ns" : {
          "min" : 271316,
          "max" : 29822180,
          "mean" : 494419.991670,
          "stddev" : 225164.623690,
          "N" : 121130
        },
        "bw_min" : 66048,
        "bw_max" : 149248,
        "bw_agg" : 100.000000,
        "bw_mean" : 129205.333333,
        "bw_dev" : 9088.167908,
        "bw_samples" : 120,
        "iops_min" : 1032,
        "iops_max" : 2332,
        "iops_mean" : 2018.833333,
        "iops_stddev" : 142.002624,
        "iops_samples" : 120
      },
      "write" : {
        "io_bytes" : 0,
        "io_kbytes" : 0,
        "bw_bytes" : 0,
        "bw" : 0,
        "iops" : 0.000000,
        "runtime" : 0,
        "total_ios" : 0,
        "short_ios" : 0,
        "drop_ios" : 0,
        "slat_ns" : {
          "min" : 0,
          "max" : 0,
          "mean" : 0.000000,
          "stddev" : 0.000000,
          "N" : 0
        },
        "clat_ns" : {
          "min" : 0,
          "max" : 0,
          "mean" : 0.000000,
          "stddev" : 0.000000,
          "N" : 0
        },
        "lat_ns" : {
          "min" : 0,
          "max" : 0,
          "mean" : 0.000000,
          "stddev" : 0.000000,
          "N" : 0
        },
        "bw_min" : 0,
        "bw_max" : 0,
        "bw_agg" : 0.000000,
        "bw_mean" : 0.000000,
        "bw_dev" : 0.000000,
        "bw_samples" : 0,
        "iops_min" : 0,
        "iops_max" : 0,
        "iops_mean" : 0.000000,
        "iops_stddev" : 0.000000,
        "iops_samples" : 0
      },
      "trim" : {
        "io_bytes" : 0,
        "io_kbytes" : 0,
        "bw_bytes" : 0,
        "bw" : 0,
        "iops" : 0.000000,
        "runtime" : 0,
        "total_ios" : 0,
        "short_ios" : 0,
        "drop_ios" : 0,
        "slat_ns" : {
          "min" : 0,
          "max" : 0,
          "mean" : 0.000000,
          "stddev" : 0.000000,
          "N" : 0
        },
        "clat_ns" : {
          "min" : 0,
          "max" : 0,
          "mean" : 0.000000,
          "stddev" : 0.000000,
          "N" : 0
        },
        "lat_ns" : {
          "min" : 0,
          "max" : 0,
          "mean" : 0.000000,
          "stddev" : 0.000000,
          "N" : 0
        },
        "bw_min" : 0,
        "bw_max" : 0,
        "bw_agg" : 0.000000,
        "bw_mean" : 0.000000,
        "bw_dev" : 0.000000,
        "bw_samples" : 0,
        "iops_min" : 0,
        "iops_max" : 0,
        "iops_mean" : 0.000000,
        "iops_stddev" : 0.000000,
        "iops_samples" : 0
      },
      "sync" : {
        "total_ios" : 0,
        "lat_ns" : {
          "min" : 0,
          "max" : 0,
          "mean" : 0.000000,
          "stddev" : 0.000000,
          "N" : 0
        }
      },
      "job_runtime" : 60000,
      "usr_cpu" : 54.306667,
      "sys_cpu" : 45.630000,
      "ctx" : 1100,
      "majf" : 0,
      "minf" : 1547,
      "iodepth_level" : {
        "1" : 100.000000,
        "2" : 0.000000,
        "4" : 0.000000,
        "8" : 0.000000,
        "16" : 0.000000,
        "32" : 0.000000,
        ">=64" : 0.000000
      },
      "iodepth_submit" : {
        "0" : 0.000000,
        "4" : 100.000000,
        "8" : 0.000000,
        "16" : 0.000000,
        "32" : 0.000000,
        "64" : 0.000000,
        ">=64" : 0.000000
      },
      "iodepth_complete" : {
        "0" : 0.000000,
        "4" : 100.000000,
        "8" : 0.000000,
        "16" : 0.000000,
        "32" : 0.000000,
        "64" : 0.000000,
        ">=64" : 0.000000
      },
      "latency_ns" : {
        "2" : 0.000000,
        "4" : 0.000000,
        "10" : 0.000000,
        "20" : 0.000000,
        "50" : 0.000000,
        "100" : 0.000000,
        "250" : 0.000000,
        "500" : 0.000000,
        "750" : 0.000000,
        "1000" : 0.000000
      },
      "latency_us" : {
        "2" : 0.000000,
        "4" : 0.000000,
        "10" : 0.000000,
        "20" : 0.000000,
        "50" : 0.000000,
        "100" : 0.000000,
        "250" : 0.010000,
        "500" : 70.903987,
        "750" : 28.958970,
        "1000" : 0.116404
      },
      "latency_ms" : {
        "2" : 0.010000,
        "4" : 0.010000,
        "10" : 0.010000,
        "20" : 0.000000,
        "50" : 0.010000,
        "100" : 0.000000,
        "250" : 0.000000,
        "500" : 0.000000,
        "750" : 0.000000,
        "1000" : 0.000000,
        "2000" : 0.000000,
        ">=2000" : 0.000000
      },
      "latency_depth" : 1,
      "latency_target" : 0,
      "latency_percentile" : 100.000000,
      "latency_window" : 0
    }
  ]
}
