{
  "fio version" : "fio-3.41-53-g9af9",
  "timestamp" : 1774948309,
  "timestamp_ms" : 1774948309151,
  "time" : "Tue Mar 31 02:11:49 2026",
  "jobs" : [
    {
      "jobname" : "data_4MB",
      "groupid" : 0,
      "job_start" : 1774948249019,
      "error" : 0,
      "eta" : 0,
      "elapsed" : 61,
      "job options" : {
        "name" : "data_4MB",
        "rw" : "read",
        "bs" : "4194304",
        "direct" : "1",
        "ioengine" : "dfs",
        "iodepth" : "1",
        "numjobs" : "1",
        "size" : "10G",
        "runtime" : "60s",
        "time_based" : "",
        "group_reporting" : "",
        "pool" : "Pool1",
        "cont" : "fio_bench"
      },
      "read" : {
        "io_bytes" : 41154510848,
        "io_kbytes" : 40189952,
        "bw_bytes" : 685839930,
        "bw" : 669765,
        "iops" : 163.516982,
        "runtime" : 60006,
        "total_ios" : 9812,
        "short_ios" : 0,
        "drop_ios" : 0,
        "slat_ns" : {
          "min" : 45034,
          "max" : 578710,
          "mean" : 69744.833877,
          "stddev" : 14354.632701,
          "N" : 9812
        },
        "clat_ns" : {
          "min" : 4122546,
          "max" : 66656039,
          "mean" : 6042073.293009,
          "stddev" : 1307123.187131,
          "N" : 9812,
          "percentile" : {
            "1.000000" : 4620288,
            "5.000000" : 5013504,
            "10.000000" : 5210112,
            "20.000000" : 5472256,
            "30.000000" : 5603328,
            "40.000000" : 5734400,
            "50.000000" : 5865472,
            "60.000000" : 5996544,
            "70.000000" : 6193152,
            "80.000000" : 6389760,
            "90.000000" : 6717440,
            "95.000000" : 7241728,
            "99.000000" : 11993088,
            "99.500000" : 12517376,
            "99.900000" : 13434880,
            "99.950000" : 14221312,
            "99.990000" : 66846720
          }
        },
        "lat_ns" : {
          "min" : 4177869,
          "max" : 67234749,
          "mean" : 6111818.126885,
          "stddev" : 1318563.339829,
          "N" : 9812
        },
        "bw_min" : 294912,
        "bw_max" : 729088,
        "bw_agg" : 100.000000,
        "bw_mean" : 669832.533333,
        "bw_dev" : 77386.965239,
        "bw_samples" : 120,
        "iops_min" : 72,
        "iops_max" : 178,
        "iops_mean" : 163.533333,
        "iops_stddev" : 18.893302,
        "iops_samples" : 120
      },
      "write" : {
        "io_bytes" : 0,
        "io_kbytes" : 0,
        "bw_bytes" : 0,
        "bw" : 0,
        "iops" : 0.000000,
        "runtime" : 0,
        "total_ios" : 0,
        "short_ios" : 0,
        "drop_ios" : 0,
        "slat_ns" : {
          "min" : 0,
          "max" : 0,
          "mean" : 0.000000,
          "stddev" : 0.000000,
          "N" : 0
        },
        "clat_ns" : {
          "min" : 0,
          "max" : 0,
          "mean" : 0.000000,
          "stddev" : 0.000000,
          "N" : 0
        },
        "lat_ns" : {
          "min" : 0,
          "max" : 0,
          "mean" : 0.000000,
          "stddev" : 0.000000,
          "N" : 0
        },
        "bw_min" : 0,
        "bw_max" : 0,
        "bw_agg" : 0.000000,
        "bw_mean" : 0.000000,
        "bw_dev" : 0.000000,
        "bw_samples" : 0,
        "iops_min" : 0,
        "iops_max" : 0,
        "iops_mean" : 0.000000,
        "iops_stddev" : 0.000000,
        "iops_samples" : 0
      },
      "trim" : {
        "io_bytes" : 0,
        "io_kbytes" : 0,
        "bw_bytes" : 0,
        "bw" : 0,
        "iops" : 0.000000,
        "runtime" : 0,
        "total_ios" : 0,
        "short_ios" : 0,
        "drop_ios" : 0,
        "slat_ns" : {
          "min" : 0,
          "max" : 0,
          "mean" : 0.000000,
          "stddev" : 0.000000,
          "N" : 0
        },
        "clat_ns" : {
          "min" : 0,
          "max" : 0,
          "mean" : 0.000000,
          "stddev" : 0.000000,
          "N" : 0
        },
        "lat_ns" : {
          "min" : 0,
          "max" : 0,
          "mean" : 0.000000,
          "stddev" : 0.000000,
          "N" : 0
        },
        "bw_min" : 0,
        "bw_max" : 0,
        "bw_agg" : 0.000000,
        "bw_mean" : 0.000000,
        "bw_dev" : 0.000000,
        "bw_samples" : 0,
        "iops_min" : 0,
        "iops_max" : 0,
        "iops_mean" : 0.000000,
        "iops_stddev" : 0.000000,
        "iops_samples" : 0
      },
      "sync" : {
        "total_ios" : 0,
        "lat_ns" : {
          "min" : 0,
          "max" : 0,
          "mean" : 0.000000,
          "stddev" : 0.000000,
          "N" : 0
        }
      },
      "job_runtime" : 60005,
      "usr_cpu" : 15.870344,
      "sys_cpu" : 84.054662,
      "ctx" : 1120,
      "majf" : 0,
      "minf" : 12420,
      "iodepth_level" : {
        "1" : 100.000000,
        "2" : 0.000000,
        "4" : 0.000000,
        "8" : 0.000000,
        "16" : 0.000000,
        "32" : 0.000000,
        ">=64" : 0.000000
      },
      "iodepth_submit" : {
        "0" : 0.000000,
        "4" : 100.000000,
        "8" : 0.000000,
        "16" : 0.000000,
        "32" : 0.000000,
        "64" : 0.000000,
        ">=64" : 0.000000
      },
      "iodepth_complete" : {
        "0" : 0.000000,
        "4" : 100.000000,
        "8" : 0.000000,
        "16" : 0.000000,
        "32" : 0.000000,
        "64" : 0.000000,
        ">=64" : 0.000000
      },
      "latency_ns" : {
        "2" : 0.000000,
        "4" : 0.000000,
        "10" : 0.000000,
        "20" : 0.000000,
        "50" : 0.000000,
        "100" : 0.000000,
        "250" : 0.000000,
        "500" : 0.000000,
        "750" : 0.000000,
        "1000" : 0.000000
      },
      "latency_us" : {
        "2" : 0.000000,
        "4" : 0.000000,
        "10" : 0.000000,
        "20" : 0.000000,
        "50" : 0.000000,
        "100" : 0.000000,
        "250" : 0.000000,
        "500" : 0.000000,
        "750" : 0.000000,
        "1000" : 0.000000
      },
      "latency_ms" : {
        "2" : 0.000000,
        "4" : 0.000000,
        "10" : 98.226661,
        "20" : 1.732572,
        "50" : 0.030575,
        "100" : 0.010192,
        "250" : 0.000000,
        "500" : 0.000000,
        "750" : 0.000000,
        "1000" : 0.000000,
        "2000" : 0.000000,
        ">=2000" : 0.000000
      },
      "latency_depth" : 1,
      "latency_target" : 0,
      "latency_percentile" : 100.000000,
      "latency_window" : 0
    }
  ]
}
