{
  "fio version" : "fio-3.41-53-g9af9",
  "timestamp" : 1774949076,
  "timestamp_ms" : 1774949076928,
  "time" : "Tue Mar 31 02:24:36 2026",
  "jobs" : [
    {
      "jobname" : "data_256MB",
      "groupid" : 0,
      "job_start" : 1774949016407,
      "error" : 0,
      "eta" : 0,
      "elapsed" : 62,
      "job options" : {
        "name" : "data_256MB",
        "rw" : "read",
        "bs" : "268435456",
        "direct" : "1",
        "ioengine" : "dfs",
        "iodepth" : "1",
        "numjobs" : "1",
        "size" : "10G",
        "runtime" : "60s",
        "time_based" : "",
        "group_reporting" : "",
        "pool" : "Pool1",
        "cont" : "fio_bench"
      },
      "read" : {
        "io_bytes" : 40802189312,
        "io_kbytes" : 39845888,
        "bw_bytes" : 676014204,
        "bw" : 660170,
        "iops" : 2.518349,
        "runtime" : 60357,
        "total_ios" : 152,
        "short_ios" : 0,
        "drop_ios" : 0,
        "slat_ns" : {
          "min" : 758496,
          "max" : 2302067,
          "mean" : 1045306.381579,
          "stddev" : 242648.937260,
          "N" : 152
        },
        "clat_ns" : {
          "min" : 315878591,
          "max" : 1081924688,
          "mean" : 395851784.250000,
          "stddev" : 92585619.215822,
          "N" : 152,
          "percentile" : {
            "1.000000" : 320864256,
            "5.000000" : 337641472,
            "10.000000" : 346030080,
            "20.000000" : 358612992,
            "30.000000" : 367001600,
            "40.000000" : 367001600,
            "50.000000" : 375390208,
            "60.000000" : 375390208,
            "70.000000" : 383778816,
            "80.000000" : 408944640,
            "90.000000" : 446693376,
            "95.000000" : 526385152,
            "99.000000" : 960495616,
            "99.500000" : 1082130432,
            "99.900000" : 1082130432,
            "99.950000" : 1082130432,
            "99.990000" : 1082130432
          }
        },
        "lat_ns" : {
          "min" : 316864001,
          "max" : 1084226755,
          "mean" : 396897090.631579,
          "stddev" : 92758425.875961,
          "N" : 152
        },
        "bw_min" : 524288,
        "bw_max" : 1048576,
        "bw_agg" : 100.000000,
        "bw_mean" : 676645.196581,
        "bw_dev" : 239070.779091,
        "bw_samples" : 117,
        "iops_min" : 2,
        "iops_max" : 4,
        "iops_mean" : 2.581197,
        "iops_stddev" : 0.911983,
        "iops_samples" : 117
      },
      "write" : {
        "io_bytes" : 0,
        "io_kbytes" : 0,
        "bw_bytes" : 0,
        "bw" : 0,
        "iops" : 0.000000,
        "runtime" : 0,
        "total_ios" : 0,
        "short_ios" : 0,
        "drop_ios" : 0,
        "slat_ns" : {
          "min" : 0,
          "max" : 0,
          "mean" : 0.000000,
          "stddev" : 0.000000,
          "N" : 0
        },
        "clat_ns" : {
          "min" : 0,
          "max" : 0,
          "mean" : 0.000000,
          "stddev" : 0.000000,
          "N" : 0
        },
        "lat_ns" : {
          "min" : 0,
          "max" : 0,
          "mean" : 0.000000,
          "stddev" : 0.000000,
          "N" : 0
        },
        "bw_min" : 0,
        "bw_max" : 0,
        "bw_agg" : 0.000000,
        "bw_mean" : 0.000000,
        "bw_dev" : 0.000000,
        "bw_samples" : 0,
        "iops_min" : 0,
        "iops_max" : 0,
        "iops_mean" : 0.000000,
        "iops_stddev" : 0.000000,
        "iops_samples" : 0
      },
      "trim" : {
        "io_bytes" : 0,
        "io_kbytes" : 0,
        "bw_bytes" : 0,
        "bw" : 0,
        "iops" : 0.000000,
        "runtime" : 0,
        "total_ios" : 0,
        "short_ios" : 0,
        "drop_ios" : 0,
        "slat_ns" : {
          "min" : 0,
          "max" : 0,
          "mean" : 0.000000,
          "stddev" : 0.000000,
          "N" : 0
        },
        "clat_ns" : {
          "min" : 0,
          "max" : 0,
          "mean" : 0.000000,
          "stddev" : 0.000000,
          "N" : 0
        },
        "lat_ns" : {
          "min" : 0,
          "max" : 0,
          "mean" : 0.000000,
          "stddev" : 0.000000,
          "N" : 0
        },
        "bw_min" : 0,
        "bw_max" : 0,
        "bw_agg" : 0.000000,
        "bw_mean" : 0.000000,
        "bw_dev" : 0.000000,
        "bw_samples" : 0,
        "iops_min" : 0,
        "iops_max" : 0,
        "iops_mean" : 0.000000,
        "iops_stddev" : 0.000000,
        "iops_samples" : 0
      },
      "sync" : {
        "total_ios" : 0,
        "lat_ns" : {
          "min" : 0,
          "max" : 0,
          "mean" : 0.000000,
          "stddev" : 0.000000,
          "N" : 0
        }
      },
      "job_runtime" : 60356,
      "usr_cpu" : 13.074094,
      "sys_cpu" : 86.806614,
      "ctx" : 2552,
      "majf" : 0,
      "minf" : 659398,
      "iodepth_level" : {
        "1" : 100.000000,
        "2" : 0.000000,
        "4" : 0.000000,
        "8" : 0.000000,
        "16" : 0.000000,
        "32" : 0.000000,
        ">=64" : 0.000000
      },
      "iodepth_submit" : {
        "0" : 0.000000,
        "4" : 100.000000,
        "8" : 0.000000,
        "16" : 0.000000,
        "32" : 0.000000,
        "64" : 0.000000,
        ">=64" : 0.000000
      },
      "iodepth_complete" : {
        "0" : 0.000000,
        "4" : 100.000000,
        "8" : 0.000000,
        "16" : 0.000000,
        "32" : 0.000000,
        "64" : 0.000000,
        ">=64" : 0.000000
      },
      "latency_ns" : {
        "2" : 0.000000,
        "4" : 0.000000,
        "10" : 0.000000,
        "20" : 0.000000,
        "50" : 0.000000,
        "100" : 0.000000,
        "250" : 0.000000,
        "500" : 0.000000,
        "750" : 0.000000,
        "1000" : 0.000000
      },
      "latency_us" : {
        "2" : 0.000000,
        "4" : 0.000000,
        "10" : 0.000000,
        "20" : 0.000000,
        "50" : 0.000000,
        "100" : 0.000000,
        "250" : 0.000000,
        "500" : 0.000000,
        "750" : 0.000000,
        "1000" : 0.000000
      },
      "latency_ms" : {
        "2" : 0.000000,
        "4" : 0.000000,
        "10" : 0.000000,
        "20" : 0.000000,
        "50" : 0.000000,
        "100" : 0.000000,
        "250" : 0.000000,
        "500" : 94.736842,
        "750" : 3.947368,
        "1000" : 0.657895,
        "2000" : 0.657895,
        ">=2000" : 0.000000
      },
      "latency_depth" : 1,
      "latency_target" : 0,
      "latency_percentile" : 100.000000,
      "latency_window" : 0
    }
  ]
}
