{
  "fio version" : "fio-3.41-53-g9af9",
  "timestamp" : 1774948059,
  "timestamp_ms" : 1774948059880,
  "time" : "Tue Mar 31 02:07:39 2026",
  "jobs" : [
    {
      "jobname" : "data_1MB",
      "groupid" : 0,
      "job_start" : 1774947999735,
      "error" : 0,
      "eta" : 0,
      "elapsed" : 61,
      "job options" : {
        "name" : "data_1MB",
        "rw" : "read",
        "bs" : "1048576",
        "direct" : "1",
        "ioengine" : "dfs",
        "iodepth" : "1",
        "numjobs" : "1",
        "size" : "10G",
        "runtime" : "60s",
        "time_based" : "",
        "group_reporting" : "",
        "pool" : "Pool1",
        "cont" : "fio_bench"
      },
      "read" : {
        "io_bytes" : 25729957888,
        "io_kbytes" : 25126912,
        "bw_bytes" : 428825484,
        "bw" : 418774,
        "iops" : 408.959851,
        "runtime" : 60001,
        "total_ios" : 24538,
        "short_ios" : 0,
        "drop_ios" : 0,
        "slat_ns" : {
          "min" : 12523,
          "max" : 365122,
          "mean" : 27386.320197,
          "stddev" : 6982.233341,
          "N" : 24538
        },
        "clat_ns" : {
          "min" : 1285610,
          "max" : 49190545,
          "mean" : 2415741.617328,
          "stddev" : 731098.033335,
          "N" : 24538,
          "percentile" : {
            "1.000000" : 1515520,
            "5.000000" : 1712128,
            "10.000000" : 1859584,
            "20.000000" : 2023424,
            "30.000000" : 2146304,
            "40.000000" : 2244608,
            "50.000000" : 2342912,
            "60.000000" : 2441216,
            "70.000000" : 2572288,
            "80.000000" : 2703360,
            "90.000000" : 2965504,
            "95.000000" : 3194880,
            "99.000000" : 4227072,
            "99.500000" : 4751360,
            "99.900000" : 7110656,
            "99.950000" : 11993088,
            "99.990000" : 29753344
          }
        },
        "lat_ns" : {
          "min" : 1309705,
          "max" : 49462463,
          "mean" : 2443127.937525,
          "stddev" : 733877.420114,
          "N" : 24538
        },
        "bw_min" : 186368,
        "bw_max" : 475136,
        "bw_agg" : 100.000000,
        "bw_mean" : 418781.866667,
        "bw_dev" : 44094.478974,
        "bw_samples" : 120,
        "iops_min" : 182,
        "iops_max" : 464,
        "iops_mean" : 408.966667,
        "iops_stddev" : 43.061015,
        "iops_samples" : 120
      },
      "write" : {
        "io_bytes" : 0,
        "io_kbytes" : 0,
        "bw_bytes" : 0,
        "bw" : 0,
        "iops" : 0.000000,
        "runtime" : 0,
        "total_ios" : 0,
        "short_ios" : 0,
        "drop_ios" : 0,
        "slat_ns" : {
          "min" : 0,
          "max" : 0,
          "mean" : 0.000000,
          "stddev" : 0.000000,
          "N" : 0
        },
        "clat_ns" : {
          "min" : 0,
          "max" : 0,
          "mean" : 0.000000,
          "stddev" : 0.000000,
          "N" : 0
        },
        "lat_ns" : {
          "min" : 0,
          "max" : 0,
          "mean" : 0.000000,
          "stddev" : 0.000000,
          "N" : 0
        },
        "bw_min" : 0,
        "bw_max" : 0,
        "bw_agg" : 0.000000,
        "bw_mean" : 0.000000,
        "bw_dev" : 0.000000,
        "bw_samples" : 0,
        "iops_min" : 0,
        "iops_max" : 0,
        "iops_mean" : 0.000000,
        "iops_stddev" : 0.000000,
        "iops_samples" : 0
      },
      "trim" : {
        "io_bytes" : 0,
        "io_kbytes" : 0,
        "bw_bytes" : 0,
        "bw" : 0,
        "iops" : 0.000000,
        "runtime" : 0,
        "total_ios" : 0,
        "short_ios" : 0,
        "drop_ios" : 0,
        "slat_ns" : {
          "min" : 0,
          "max" : 0,
          "mean" : 0.000000,
          "stddev" : 0.000000,
          "N" : 0
        },
        "clat_ns" : {
          "min" : 0,
          "max" : 0,
          "mean" : 0.000000,
          "stddev" : 0.000000,
          "N" : 0
        },
        "lat_ns" : {
          "min" : 0,
          "max" : 0,
          "mean" : 0.000000,
          "stddev" : 0.000000,
          "N" : 0
        },
        "bw_min" : 0,
        "bw_max" : 0,
        "bw_agg" : 0.000000,
        "bw_mean" : 0.000000,
        "bw_dev" : 0.000000,
        "bw_samples" : 0,
        "iops_min" : 0,
        "iops_max" : 0,
        "iops_mean" : 0.000000,
        "iops_stddev" : 0.000000,
        "iops_samples" : 0
      },
      "sync" : {
        "total_ios" : 0,
        "lat_ns" : {
          "min" : 0,
          "max" : 0,
          "mean" : 0.000000,
          "stddev" : 0.000000,
          "N" : 0
        }
      },
      "job_runtime" : 60000,
      "usr_cpu" : 26.445000,
      "sys_cpu" : 73.281667,
      "ctx" : 10655,
      "majf" : 0,
      "minf" : 4123,
      "iodepth_level" : {
        "1" : 100.000000,
        "2" : 0.000000,
        "4" : 0.000000,
        "8" : 0.000000,
        "16" : 0.000000,
        "32" : 0.000000,
        ">=64" : 0.000000
      },
      "iodepth_submit" : {
        "0" : 0.000000,
        "4" : 100.000000,
        "8" : 0.000000,
        "16" : 0.000000,
        "32" : 0.000000,
        "64" : 0.000000,
        ">=64" : 0.000000
      },
      "iodepth_complete" : {
        "0" : 0.000000,
        "4" : 100.000000,
        "8" : 0.000000,
        "16" : 0.000000,
        "32" : 0.000000,
        "64" : 0.000000,
        ">=64" : 0.000000
      },
      "latency_ns" : {
        "2" : 0.000000,
        "4" : 0.000000,
        "10" : 0.000000,
        "20" : 0.000000,
        "50" : 0.000000,
        "100" : 0.000000,
        "250" : 0.000000,
        "500" : 0.000000,
        "750" : 0.000000,
        "1000" : 0.000000
      },
      "latency_us" : {
        "2" : 0.000000,
        "4" : 0.000000,
        "10" : 0.000000,
        "20" : 0.000000,
        "50" : 0.000000,
        "100" : 0.000000,
        "250" : 0.000000,
        "500" : 0.000000,
        "750" : 0.000000,
        "1000" : 0.000000
      },
      "latency_ms" : {
        "2" : 17.813188,
        "4" : 80.784905,
        "10" : 1.332627,
        "20" : 0.044828,
        "50" : 0.024452,
        "100" : 0.000000,
        "250" : 0.000000,
        "500" : 0.000000,
        "750" : 0.000000,
        "1000" : 0.000000,
        "2000" : 0.000000,
        ">=2000" : 0.000000
      },
      "latency_depth" : 1,
      "latency_target" : 0,
      "latency_percentile" : 100.000000,
      "latency_window" : 0
    }
  ]
}
