{
  "fio version" : "fio-3.41-53-g9af9",
  "timestamp" : 1774948811,
  "timestamp_ms" : 1774948811842,
  "time" : "Tue Mar 31 02:20:11 2026",
  "jobs" : [
    {
      "jobname" : "data_64MB",
      "groupid" : 0,
      "job_start" : 1774948751505,
      "error" : 0,
      "eta" : 0,
      "elapsed" : 62,
      "job options" : {
        "name" : "data_64MB",
        "rw" : "read",
        "bs" : "67108864",
        "direct" : "1",
        "ioengine" : "dfs",
        "iodepth" : "1",
        "numjobs" : "1",
        "size" : "10G",
        "runtime" : "60s",
        "time_based" : "",
        "group_reporting" : "",
        "pool" : "Pool1",
        "cont" : "fio_bench"
      },
      "read" : {
        "io_bytes" : 40802189312,
        "io_kbytes" : 39845888,
        "bw_bytes" : 680025154,
        "bw" : 664087,
        "iops" : 10.133164,
        "runtime" : 60001,
        "total_ios" : 608,
        "short_ios" : 0,
        "drop_ios" : 0,
        "slat_ns" : {
          "min" : 445492,
          "max" : 1455166,
          "mean" : 558643.062500,
          "stddev" : 93352.192127,
          "N" : 608
        },
        "clat_ns" : {
          "min" : 74130763,
          "max" : 379782834,
          "mean" : 98078651.796053,
          "stddev" : 16666662.374785,
          "N" : 608,
          "percentile" : {
            "1.000000" : 76021760,
            "5.000000" : 83361792,
            "10.000000" : 89653248,
            "20.000000" : 93847552,
            "30.000000" : 94896128,
            "40.000000" : 94896128,
            "50.000000" : 95944704,
            "60.000000" : 95944704,
            "70.000000" : 96993280,
            "80.000000" : 99090432,
            "90.000000" : 104333312,
            "95.000000" : 117964800,
            "99.000000" : 145752064,
            "99.500000" : 160432128,
            "99.900000" : 379584512,
            "99.950000" : 379584512,
            "99.990000" : 379584512
          }
        },
        "lat_ns" : {
          "min" : 74599678,
          "max" : 381238000,
          "mean" : 98637294.858553,
          "stddev" : 16741774.210256,
          "N" : 608
        },
        "bw_min" : 130810,
        "bw_max" : 786432,
        "bw_agg" : 100.000000,
        "bw_mean" : 664095.950000,
        "bw_dev" : 92668.603002,
        "bw_samples" : 120,
        "iops_min" : 1,
        "iops_max" : 12,
        "iops_mean" : 10.125000,
        "iops_stddev" : 1.464209,
        "iops_samples" : 120
      },
      "write" : {
        "io_bytes" : 0,
        "io_kbytes" : 0,
        "bw_bytes" : 0,
        "bw" : 0,
        "iops" : 0.000000,
        "runtime" : 0,
        "total_ios" : 0,
        "short_ios" : 0,
        "drop_ios" : 0,
        "slat_ns" : {
          "min" : 0,
          "max" : 0,
          "mean" : 0.000000,
          "stddev" : 0.000000,
          "N" : 0
        },
        "clat_ns" : {
          "min" : 0,
          "max" : 0,
          "mean" : 0.000000,
          "stddev" : 0.000000,
          "N" : 0
        },
        "lat_ns" : {
          "min" : 0,
          "max" : 0,
          "mean" : 0.000000,
          "stddev" : 0.000000,
          "N" : 0
        },
        "bw_min" : 0,
        "bw_max" : 0,
        "bw_agg" : 0.000000,
        "bw_mean" : 0.000000,
        "bw_dev" : 0.000000,
        "bw_samples" : 0,
        "iops_min" : 0,
        "iops_max" : 0,
        "iops_mean" : 0.000000,
        "iops_stddev" : 0.000000,
        "iops_samples" : 0
      },
      "trim" : {
        "io_bytes" : 0,
        "io_kbytes" : 0,
        "bw_bytes" : 0,
        "bw" : 0,
        "iops" : 0.000000,
        "runtime" : 0,
        "total_ios" : 0,
        "short_ios" : 0,
        "drop_ios" : 0,
        "slat_ns" : {
          "min" : 0,
          "max" : 0,
          "mean" : 0.000000,
          "stddev" : 0.000000,
          "N" : 0
        },
        "clat_ns" : {
          "min" : 0,
          "max" : 0,
          "mean" : 0.000000,
          "stddev" : 0.000000,
          "N" : 0
        },
        "lat_ns" : {
          "min" : 0,
          "max" : 0,
          "mean" : 0.000000,
          "stddev" : 0.000000,
          "N" : 0
        },
        "bw_min" : 0,
        "bw_max" : 0,
        "bw_agg" : 0.000000,
        "bw_mean" : 0.000000,
        "bw_dev" : 0.000000,
        "bw_samples" : 0,
        "iops_min" : 0,
        "iops_max" : 0,
        "iops_mean" : 0.000000,
        "iops_stddev" : 0.000000,
        "iops_samples" : 0
      },
      "sync" : {
        "total_ios" : 0,
        "lat_ns" : {
          "min" : 0,
          "max" : 0,
          "mean" : 0.000000,
          "stddev" : 0.000000,
          "N" : 0
        }
      },
      "job_runtime" : 60000,
      "usr_cpu" : 11.390000,
      "sys_cpu" : 88.528333,
      "ctx" : 1194,
      "majf" : 0,
      "minf" : 167790,
      "iodepth_level" : {
        "1" : 100.000000,
        "2" : 0.000000,
        "4" : 0.000000,
        "8" : 0.000000,
        "16" : 0.000000,
        "32" : 0.000000,
        ">=64" : 0.000000
      },
      "iodepth_submit" : {
        "0" : 0.000000,
        "4" : 100.000000,
        "8" : 0.000000,
        "16" : 0.000000,
        "32" : 0.000000,
        "64" : 0.000000,
        ">=64" : 0.000000
      },
      "iodepth_complete" : {
        "0" : 0.000000,
        "4" : 100.000000,
        "8" : 0.000000,
        "16" : 0.000000,
        "32" : 0.000000,
        "64" : 0.000000,
        ">=64" : 0.000000
      },
      "latency_ns" : {
        "2" : 0.000000,
        "4" : 0.000000,
        "10" : 0.000000,
        "20" : 0.000000,
        "50" : 0.000000,
        "100" : 0.000000,
        "250" : 0.000000,
        "500" : 0.000000,
        "750" : 0.000000,
        "1000" : 0.000000
      },
      "latency_us" : {
        "2" : 0.000000,
        "4" : 0.000000,
        "10" : 0.000000,
        "20" : 0.000000,
        "50" : 0.000000,
        "100" : 0.000000,
        "250" : 0.000000,
        "500" : 0.000000,
        "750" : 0.000000,
        "1000" : 0.000000
      },
      "latency_ms" : {
        "2" : 0.000000,
        "4" : 0.000000,
        "10" : 0.000000,
        "20" : 0.000000,
        "50" : 0.000000,
        "100" : 82.401316,
        "250" : 17.434211,
        "500" : 0.164474,
        "750" : 0.000000,
        "1000" : 0.000000,
        "2000" : 0.000000,
        ">=2000" : 0.000000
      },
      "latency_depth" : 1,
      "latency_target" : 0,
      "latency_percentile" : 100.000000,
      "latency_window" : 0
    }
  ]
}
