{
  "fio version" : "fio-3.41-53-g9af9",
  "timestamp" : 1774947810,
  "timestamp_ms" : 1774947810819,
  "time" : "Tue Mar 31 02:03:30 2026",
  "jobs" : [
    {
      "jobname" : "data_256KB",
      "groupid" : 0,
      "job_start" : 1774947750657,
      "error" : 0,
      "eta" : 0,
      "elapsed" : 61,
      "job options" : {
        "name" : "data_256KB",
        "rw" : "read",
        "bs" : "262144",
        "direct" : "1",
        "ioengine" : "dfs",
        "iodepth" : "1",
        "numjobs" : "1",
        "size" : "10G",
        "runtime" : "60s",
        "time_based" : "",
        "group_reporting" : "",
        "pool" : "Pool1",
        "cont" : "fio_bench"
      },
      "read" : {
        "io_bytes" : 19716636672,
        "io_kbytes" : 19254528,
        "bw_bytes" : 328605134,
        "bw" : 320903,
        "iops" : 1253.529108,
        "runtime" : 60001,
        "total_ios" : 75213,
        "short_ios" : 0,
        "drop_ios" : 0,
        "slat_ns" : {
          "min" : 11532,
          "max" : 330096,
          "mean" : 21341.192241,
          "stddev" : 7098.594320,
          "N" : 75213
        },
        "clat_ns" : {
          "min" : 462474,
          "max" : 45897269,
          "mean" : 775251.615851,
          "stddev" : 299757.302368,
          "N" : 75213,
          "percentile" : {
            "1.000000" : 561152,
            "5.000000" : 602112,
            "10.000000" : 634880,
            "20.000000" : 667648,
            "30.000000" : 700416,
            "40.000000" : 724992,
            "50.000000" : 757760,
            "60.000000" : 782336,
            "70.000000" : 823296,
            "80.000000" : 864256,
            "90.000000" : 937984,
            "95.000000" : 995328,
            "99.000000" : 1138688,
            "99.500000" : 1187840,
            "99.900000" : 1302528,
            "99.950000" : 1400832,
            "99.990000" : 9502720
          }
        },
        "lat_ns" : {
          "min" : 480697,
          "max" : 46227365,
          "mean" : 796592.808092,
          "stddev" : 301019.932086,
          "N" : 75213
        },
        "bw_min" : 167936,
        "bw_max" : 342016,
        "bw_agg" : 100.000000,
        "bw_mean" : 320908.800000,
        "bw_dev" : 19828.726274,
        "bw_samples" : 120,
        "iops_min" : 656,
        "iops_max" : 1336,
        "iops_mean" : 1253.550000,
        "iops_stddev" : 77.455962,
        "iops_samples" : 120
      },
      "write" : {
        "io_bytes" : 0,
        "io_kbytes" : 0,
        "bw_bytes" : 0,
        "bw" : 0,
        "iops" : 0.000000,
        "runtime" : 0,
        "total_ios" : 0,
        "short_ios" : 0,
        "drop_ios" : 0,
        "slat_ns" : {
          "min" : 0,
          "max" : 0,
          "mean" : 0.000000,
          "stddev" : 0.000000,
          "N" : 0
        },
        "clat_ns" : {
          "min" : 0,
          "max" : 0,
          "mean" : 0.000000,
          "stddev" : 0.000000,
          "N" : 0
        },
        "lat_ns" : {
          "min" : 0,
          "max" : 0,
          "mean" : 0.000000,
          "stddev" : 0.000000,
          "N" : 0
        },
        "bw_min" : 0,
        "bw_max" : 0,
        "bw_agg" : 0.000000,
        "bw_mean" : 0.000000,
        "bw_dev" : 0.000000,
        "bw_samples" : 0,
        "iops_min" : 0,
        "iops_max" : 0,
        "iops_mean" : 0.000000,
        "iops_stddev" : 0.000000,
        "iops_samples" : 0
      },
      "trim" : {
        "io_bytes" : 0,
        "io_kbytes" : 0,
        "bw_bytes" : 0,
        "bw" : 0,
        "iops" : 0.000000,
        "runtime" : 0,
        "total_ios" : 0,
        "short_ios" : 0,
        "drop_ios" : 0,
        "slat_ns" : {
          "min" : 0,
          "max" : 0,
          "mean" : 0.000000,
          "stddev" : 0.000000,
          "N" : 0
        },
        "clat_ns" : {
          "min" : 0,
          "max" : 0,
          "mean" : 0.000000,
          "stddev" : 0.000000,
          "N" : 0
        },
        "lat_ns" : {
          "min" : 0,
          "max" : 0,
          "mean" : 0.000000,
          "stddev" : 0.000000,
          "N" : 0
        },
        "bw_min" : 0,
        "bw_max" : 0,
        "bw_agg" : 0.000000,
        "bw_mean" : 0.000000,
        "bw_dev" : 0.000000,
        "bw_samples" : 0,
        "iops_min" : 0,
        "iops_max" : 0,
        "iops_mean" : 0.000000,
        "iops_stddev" : 0.000000,
        "iops_samples" : 0
      },
      "sync" : {
        "total_ios" : 0,
        "lat_ns" : {
          "min" : 0,
          "max" : 0,
          "mean" : 0.000000,
          "stddev" : 0.000000,
          "N" : 0
        }
      },
      "job_runtime" : 60000,
      "usr_cpu" : 48.443333,
      "sys_cpu" : 51.470000,
      "ctx" : 1423,
      "majf" : 0,
      "minf" : 2210,
      "iodepth_level" : {
        "1" : 100.000000,
        "2" : 0.000000,
        "4" : 0.000000,
        "8" : 0.000000,
        "16" : 0.000000,
        "32" : 0.000000,
        ">=64" : 0.000000
      },
      "iodepth_submit" : {
        "0" : 0.000000,
        "4" : 100.000000,
        "8" : 0.000000,
        "16" : 0.000000,
        "32" : 0.000000,
        "64" : 0.000000,
        ">=64" : 0.000000
      },
      "iodepth_complete" : {
        "0" : 0.000000,
        "4" : 100.000000,
        "8" : 0.000000,
        "16" : 0.000000,
        "32" : 0.000000,
        "64" : 0.000000,
        ">=64" : 0.000000
      },
      "latency_ns" : {
        "2" : 0.000000,
        "4" : 0.000000,
        "10" : 0.000000,
        "20" : 0.000000,
        "50" : 0.000000,
        "100" : 0.000000,
        "250" : 0.000000,
        "500" : 0.000000,
        "750" : 0.000000,
        "1000" : 0.000000
      },
      "latency_us" : {
        "2" : 0.000000,
        "4" : 0.000000,
        "10" : 0.000000,
        "20" : 0.000000,
        "50" : 0.000000,
        "100" : 0.000000,
        "250" : 0.000000,
        "500" : 0.027921,
        "750" : 47.957135,
        "1000" : 47.151423
      },
      "latency_ms" : {
        "2" : 4.848896,
        "4" : 0.010000,
        "10" : 0.010000,
        "20" : 0.000000,
        "50" : 0.010000,
        "100" : 0.000000,
        "250" : 0.000000,
        "500" : 0.000000,
        "750" : 0.000000,
        "1000" : 0.000000,
        "2000" : 0.000000,
        ">=2000" : 0.000000
      },
      "latency_depth" : 1,
      "latency_target" : 0,
      "latency_percentile" : 100.000000,
      "latency_window" : 0
    }
  ]
}
