{
  "fio version" : "fio-3.41-53-g9af9",
  "timestamp" : 1774948624,
  "timestamp_ms" : 1774948624275,
  "time" : "Tue Mar 31 02:17:04 2026",
  "jobs" : [
    {
      "jobname" : "data_64MB",
      "groupid" : 0,
      "job_start" : 1774948563995,
      "error" : 0,
      "eta" : 0,
      "elapsed" : 62,
      "job options" : {
        "name" : "data_64MB",
        "rw" : "write",
        "bs" : "67108864",
        "direct" : "1",
        "ioengine" : "dfs",
        "iodepth" : "1",
        "numjobs" : "1",
        "size" : "10G",
        "runtime" : "60s",
        "time_based" : "",
        "group_reporting" : "",
        "pool" : "Pool1",
        "cont" : "fio_bench"
      },
      "read" : {
        "io_bytes" : 0,
        "io_kbytes" : 0,
        "bw_bytes" : 0,
        "bw" : 0,
        "iops" : 0.000000,
        "runtime" : 0,
        "total_ios" : 0,
        "short_ios" : 0,
        "drop_ios" : 0,
        "slat_ns" : {
          "min" : 0,
          "max" : 0,
          "mean" : 0.000000,
          "stddev" : 0.000000,
          "N" : 0
        },
        "clat_ns" : {
          "min" : 0,
          "max" : 0,
          "mean" : 0.000000,
          "stddev" : 0.000000,
          "N" : 0
        },
        "lat_ns" : {
          "min" : 0,
          "max" : 0,
          "mean" : 0.000000,
          "stddev" : 0.000000,
          "N" : 0
        },
        "bw_min" : 0,
        "bw_max" : 0,
        "bw_agg" : 0.000000,
        "bw_mean" : 0.000000,
        "bw_dev" : 0.000000,
        "bw_samples" : 0,
        "iops_min" : 0,
        "iops_max" : 0,
        "iops_mean" : 0.000000,
        "iops_stddev" : 0.000000,
        "iops_samples" : 0
      },
      "write" : {
        "io_bytes" : 69793218560,
        "io_kbytes" : 68157440,
        "bw_bytes" : 1163200922,
        "bw" : 1135938,
        "iops" : 17.333044,
        "runtime" : 60001,
        "total_ios" : 1040,
        "short_ios" : 0,
        "drop_ios" : 0,
        "slat_ns" : {
          "min" : 1230848,
          "max" : 22839766,
          "mean" : 2418443.702885,
          "stddev" : 1123215.960111,
          "N" : 1040
        },
        "clat_ns" : {
          "min" : 44085105,
          "max" : 224694455,
          "mean" : 55241737.957692,
          "stddev" : 8203722.268744,
          "N" : 1040,
          "percentile" : {
            "1.000000" : 45350912,
            "5.000000" : 48496640,
            "10.000000" : 49545216,
            "20.000000" : 51642368,
            "30.000000" : 52690944,
            "40.000000" : 53215232,
            "50.000000" : 54263808,
            "60.000000" : 55312384,
            "70.000000" : 56360960,
            "80.000000" : 57409536,
            "90.000000" : 59506688,
            "95.000000" : 61079552,
            "99.000000" : 87556096,
            "99.500000" : 91750400,
            "99.900000" : 113770496,
            "99.950000" : 225443840,
            "99.990000" : 225443840
          }
        },
        "lat_ns" : {
          "min" : 45978770,
          "max" : 227734971,
          "mean" : 57660181.660577,
          "stddev" : 8459017.259861,
          "N" : 1040
        },
        "bw_min" : 393216,
        "bw_max" : 1310720,
        "bw_agg" : 99.999877,
        "bw_mean" : 1135937.708333,
        "bw_dev" : 119342.742874,
        "bw_samples" : 120,
        "iops_min" : 6,
        "iops_max" : 20,
        "iops_mean" : 17.325000,
        "iops_stddev" : 1.820345,
        "iops_samples" : 120
      },
      "trim" : {
        "io_bytes" : 0,
        "io_kbytes" : 0,
        "bw_bytes" : 0,
        "bw" : 0,
        "iops" : 0.000000,
        "runtime" : 0,
        "total_ios" : 0,
        "short_ios" : 0,
        "drop_ios" : 0,
        "slat_ns" : {
          "min" : 0,
          "max" : 0,
          "mean" : 0.000000,
          "stddev" : 0.000000,
          "N" : 0
        },
        "clat_ns" : {
          "min" : 0,
          "max" : 0,
          "mean" : 0.000000,
          "stddev" : 0.000000,
          "N" : 0
        },
        "lat_ns" : {
          "min" : 0,
          "max" : 0,
          "mean" : 0.000000,
          "stddev" : 0.000000,
          "N" : 0
        },
        "bw_min" : 0,
        "bw_max" : 0,
        "bw_agg" : 0.000000,
        "bw_mean" : 0.000000,
        "bw_dev" : 0.000000,
        "bw_samples" : 0,
        "iops_min" : 0,
        "iops_max" : 0,
        "iops_mean" : 0.000000,
        "iops_stddev" : 0.000000,
        "iops_samples" : 0
      },
      "sync" : {
        "total_ios" : 0,
        "lat_ns" : {
          "min" : 0,
          "max" : 0,
          "mean" : 0.000000,
          "stddev" : 0.000000,
          "N" : 0
        }
      },
      "job_runtime" : 60000,
      "usr_cpu" : 19.201667,
      "sys_cpu" : 80.595000,
      "ctx" : 6489,
      "majf" : 0,
      "minf" : 150053,
      "iodepth_level" : {
        "1" : 100.000000,
        "2" : 0.000000,
        "4" : 0.000000,
        "8" : 0.000000,
        "16" : 0.000000,
        "32" : 0.000000,
        ">=64" : 0.000000
      },
      "iodepth_submit" : {
        "0" : 0.000000,
        "4" : 100.000000,
        "8" : 0.000000,
        "16" : 0.000000,
        "32" : 0.000000,
        "64" : 0.000000,
        ">=64" : 0.000000
      },
      "iodepth_complete" : {
        "0" : 0.000000,
        "4" : 100.000000,
        "8" : 0.000000,
        "16" : 0.000000,
        "32" : 0.000000,
        "64" : 0.000000,
        ">=64" : 0.000000
      },
      "latency_ns" : {
        "2" : 0.000000,
        "4" : 0.000000,
        "10" : 0.000000,
        "20" : 0.000000,
        "50" : 0.000000,
        "100" : 0.000000,
        "250" : 0.000000,
        "500" : 0.000000,
        "750" : 0.000000,
        "1000" : 0.000000
      },
      "latency_us" : {
        "2" : 0.000000,
        "4" : 0.000000,
        "10" : 0.000000,
        "20" : 0.000000,
        "50" : 0.000000,
        "100" : 0.000000,
        "250" : 0.000000,
        "500" : 0.000000,
        "750" : 0.000000,
        "1000" : 0.000000
      },
      "latency_ms" : {
        "2" : 0.000000,
        "4" : 0.000000,
        "10" : 0.000000,
        "20" : 0.000000,
        "50" : 10.769231,
        "100" : 89.038462,
        "250" : 0.192308,
        "500" : 0.000000,
        "750" : 0.000000,
        "1000" : 0.000000,
        "2000" : 0.000000,
        ">=2000" : 0.000000
      },
      "latency_depth" : 1,
      "latency_target" : 0,
      "latency_percentile" : 100.000000,
      "latency_window" : 0
    }
  ]
}
