{
  "fio version" : "fio-3.41-53-g9af9",
  "timestamp" : 1774947627,
  "timestamp_ms" : 1774947627009,
  "time" : "Tue Mar 31 02:00:27 2026",
  "jobs" : [
    {
      "jobname" : "data_256KB",
      "groupid" : 0,
      "job_start" : 1774947566648,
      "error" : 0,
      "eta" : 0,
      "elapsed" : 62,
      "job options" : {
        "name" : "data_256KB",
        "rw" : "write",
        "bs" : "262144",
        "direct" : "1",
        "ioengine" : "dfs",
        "iodepth" : "1",
        "numjobs" : "1",
        "size" : "10G",
        "runtime" : "60s",
        "time_based" : "",
        "group_reporting" : "",
        "pool" : "Pool1",
        "cont" : "fio_bench"
      },
      "read" : {
        "io_bytes" : 0,
        "io_kbytes" : 0,
        "bw_bytes" : 0,
        "bw" : 0,
        "iops" : 0.000000,
        "runtime" : 0,
        "total_ios" : 0,
        "short_ios" : 0,
        "drop_ios" : 0,
        "slat_ns" : {
          "min" : 0,
          "max" : 0,
          "mean" : 0.000000,
          "stddev" : 0.000000,
          "N" : 0
        },
        "clat_ns" : {
          "min" : 0,
          "max" : 0,
          "mean" : 0.000000,
          "stddev" : 0.000000,
          "N" : 0
        },
        "lat_ns" : {
          "min" : 0,
          "max" : 0,
          "mean" : 0.000000,
          "stddev" : 0.000000,
          "N" : 0
        },
        "bw_min" : 0,
        "bw_max" : 0,
        "bw_agg" : 0.000000,
        "bw_mean" : 0.000000,
        "bw_dev" : 0.000000,
        "bw_samples" : 0,
        "iops_min" : 0,
        "iops_max" : 0,
        "iops_mean" : 0.000000,
        "iops_stddev" : 0.000000,
        "iops_samples" : 0
      },
      "write" : {
        "io_bytes" : 25231622144,
        "io_kbytes" : 24640256,
        "bw_bytes" : 420520027,
        "bw" : 410664,
        "iops" : 1604.156597,
        "runtime" : 60001,
        "total_ios" : 96251,
        "short_ios" : 0,
        "drop_ios" : 0,
        "slat_ns" : {
          "min" : 17823,
          "max" : 281916,
          "mean" : 22077.537324,
          "stddev" : 3473.737635,
          "N" : 96251
        },
        "clat_ns" : {
          "min" : 445171,
          "max" : 46874903,
          "mean" : 600229.158835,
          "stddev" : 274180.272361,
          "N" : 96251,
          "percentile" : {
            "1.000000" : 501760,
            "5.000000" : 514048,
            "10.000000" : 522240,
            "20.000000" : 536576,
            "30.000000" : 544768,
            "40.000000" : 561152,
            "50.000000" : 569344,
            "60.000000" : 593920,
            "70.000000" : 618496,
            "80.000000" : 643072,
            "90.000000" : 692224,
            "95.000000" : 741376,
            "99.000000" : 864256,
            "99.500000" : 937984,
            "99.900000" : 1466368,
            "99.950000" : 3293184,
            "99.990000" : 8978432
          }
        },
        "lat_ns" : {
          "min" : 485126,
          "max" : 47156819,
          "mean" : 622306.696159,
          "stddev" : 275075.123629,
          "N" : 96251
        },
        "bw_min" : 184320,
        "bw_max" : 428032,
        "bw_agg" : 100.000000,
        "bw_mean" : 410670.933333,
        "bw_dev" : 24922.862761,
        "bw_samples" : 120,
        "iops_min" : 720,
        "iops_max" : 1672,
        "iops_mean" : 1604.183333,
        "iops_stddev" : 97.354933,
        "iops_samples" : 120
      },
      "trim" : {
        "io_bytes" : 0,
        "io_kbytes" : 0,
        "bw_bytes" : 0,
        "bw" : 0,
        "iops" : 0.000000,
        "runtime" : 0,
        "total_ios" : 0,
        "short_ios" : 0,
        "drop_ios" : 0,
        "slat_ns" : {
          "min" : 0,
          "max" : 0,
          "mean" : 0.000000,
          "stddev" : 0.000000,
          "N" : 0
        },
        "clat_ns" : {
          "min" : 0,
          "max" : 0,
          "mean" : 0.000000,
          "stddev" : 0.000000,
          "N" : 0
        },
        "lat_ns" : {
          "min" : 0,
          "max" : 0,
          "mean" : 0.000000,
          "stddev" : 0.000000,
          "N" : 0
        },
        "bw_min" : 0,
        "bw_max" : 0,
        "bw_agg" : 0.000000,
        "bw_mean" : 0.000000,
        "bw_dev" : 0.000000,
        "bw_samples" : 0,
        "iops_min" : 0,
        "iops_max" : 0,
        "iops_mean" : 0.000000,
        "iops_stddev" : 0.000000,
        "iops_samples" : 0
      },
      "sync" : {
        "total_ios" : 0,
        "lat_ns" : {
          "min" : 0,
          "max" : 0,
          "mean" : 0.000000,
          "stddev" : 0.000000,
          "N" : 0
        }
      },
      "job_runtime" : 60000,
      "usr_cpu" : 67.251667,
      "sys_cpu" : 32.608333,
      "ctx" : 4927,
      "majf" : 0,
      "minf" : 1987,
      "iodepth_level" : {
        "1" : 100.000000,
        "2" : 0.000000,
        "4" : 0.000000,
        "8" : 0.000000,
        "16" : 0.000000,
        "32" : 0.000000,
        ">=64" : 0.000000
      },
      "iodepth_submit" : {
        "0" : 0.000000,
        "4" : 100.000000,
        "8" : 0.000000,
        "16" : 0.000000,
        "32" : 0.000000,
        "64" : 0.000000,
        ">=64" : 0.000000
      },
      "iodepth_complete" : {
        "0" : 0.000000,
        "4" : 100.000000,
        "8" : 0.000000,
        "16" : 0.000000,
        "32" : 0.000000,
        "64" : 0.000000,
        ">=64" : 0.000000
      },
      "latency_ns" : {
        "2" : 0.000000,
        "4" : 0.000000,
        "10" : 0.000000,
        "20" : 0.000000,
        "50" : 0.000000,
        "100" : 0.000000,
        "250" : 0.000000,
        "500" : 0.000000,
        "750" : 0.000000,
        "1000" : 0.000000
      },
      "latency_us" : {
        "2" : 0.000000,
        "4" : 0.000000,
        "10" : 0.000000,
        "20" : 0.000000,
        "50" : 0.000000,
        "100" : 0.000000,
        "250" : 0.000000,
        "500" : 0.760512,
        "750" : 94.730444,
        "1000" : 4.286709
      },
      "latency_ms" : {
        "2" : 0.139219,
        "4" : 0.041558,
        "10" : 0.033246,
        "20" : 0.010000,
        "50" : 0.010000,
        "100" : 0.000000,
        "250" : 0.000000,
        "500" : 0.000000,
        "750" : 0.000000,
        "1000" : 0.000000,
        "2000" : 0.000000,
        ">=2000" : 0.000000
      },
      "latency_depth" : 1,
      "latency_target" : 0,
      "latency_percentile" : 100.000000,
      "latency_window" : 0
    }
  ]
}
