{
  "fio version" : "fio-3.41-53-g9af9",
  "timestamp" : 1774948877,
  "timestamp_ms" : 1774948877378,
  "time" : "Tue Mar 31 02:21:17 2026",
  "jobs" : [
    {
      "jobname" : "data_256MB",
      "groupid" : 0,
      "job_start" : 1774948817038,
      "error" : 0,
      "eta" : 0,
      "elapsed" : 62,
      "job options" : {
        "name" : "data_256MB",
        "rw" : "write",
        "bs" : "268435456",
        "direct" : "1",
        "ioengine" : "dfs",
        "iodepth" : "1",
        "numjobs" : "1",
        "size" : "10G",
        "runtime" : "60s",
        "time_based" : "",
        "group_reporting" : "",
        "pool" : "Pool1",
        "cont" : "fio_bench"
      },
      "read" : {
        "io_bytes" : 0,
        "io_kbytes" : 0,
        "bw_bytes" : 0,
        "bw" : 0,
        "iops" : 0.000000,
        "runtime" : 0,
        "total_ios" : 0,
        "short_ios" : 0,
        "drop_ios" : 0,
        "slat_ns" : {
          "min" : 0,
          "max" : 0,
          "mean" : 0.000000,
          "stddev" : 0.000000,
          "N" : 0
        },
        "clat_ns" : {
          "min" : 0,
          "max" : 0,
          "mean" : 0.000000,
          "stddev" : 0.000000,
          "N" : 0
        },
        "lat_ns" : {
          "min" : 0,
          "max" : 0,
          "mean" : 0.000000,
          "stddev" : 0.000000,
          "N" : 0
        },
        "bw_min" : 0,
        "bw_max" : 0,
        "bw_agg" : 0.000000,
        "bw_mean" : 0.000000,
        "bw_dev" : 0.000000,
        "bw_samples" : 0,
        "iops_min" : 0,
        "iops_max" : 0,
        "iops_mean" : 0.000000,
        "iops_stddev" : 0.000000,
        "iops_samples" : 0
      },
      "write" : {
        "io_bytes" : 69256347648,
        "io_kbytes" : 67633152,
        "bw_bytes" : 1152390223,
        "bw" : 1125381,
        "iops" : 4.292988,
        "runtime" : 60098,
        "total_ios" : 258,
        "short_ios" : 0,
        "drop_ios" : 0,
        "slat_ns" : {
          "min" : 3814881,
          "max" : 115838250,
          "mean" : 7254388.573643,
          "stddev" : 8516299.748750,
          "N" : 258
        },
        "clat_ns" : {
          "min" : 182604765,
          "max" : 744447396,
          "mean" : 225569040.228682,
          "stddev" : 44504379.733607,
          "N" : 258,
          "percentile" : {
            "1.000000" : 187695104,
            "5.000000" : 198180864,
            "10.000000" : 202375168,
            "20.000000" : 206569472,
            "30.000000" : 210763776,
            "40.000000" : 217055232,
            "50.000000" : 219152384,
            "60.000000" : 223346688,
            "70.000000" : 227540992,
            "80.000000" : 231735296,
            "90.000000" : 240123904,
            "95.000000" : 256901120,
            "99.000000" : 425721856,
            "99.500000" : 488636416,
            "99.900000" : 742391808,
            "99.950000" : 742391808,
            "99.990000" : 742391808
          }
        },
        "lat_ns" : {
          "min" : 188428507,
          "max" : 755928729,
          "mean" : 232823428.802326,
          "stddev" : 48086102.358661,
          "N" : 258
        },
        "bw_min" : 524288,
        "bw_max" : 1572864,
        "bw_agg" : 100.000000,
        "bw_mean" : 1132285.848739,
        "bw_dev" : 255239.033877,
        "bw_samples" : 119,
        "iops_min" : 2,
        "iops_max" : 6,
        "iops_mean" : 4.319328,
        "iops_stddev" : 0.973660,
        "iops_samples" : 119
      },
      "trim" : {
        "io_bytes" : 0,
        "io_kbytes" : 0,
        "bw_bytes" : 0,
        "bw" : 0,
        "iops" : 0.000000,
        "runtime" : 0,
        "total_ios" : 0,
        "short_ios" : 0,
        "drop_ios" : 0,
        "slat_ns" : {
          "min" : 0,
          "max" : 0,
          "mean" : 0.000000,
          "stddev" : 0.000000,
          "N" : 0
        },
        "clat_ns" : {
          "min" : 0,
          "max" : 0,
          "mean" : 0.000000,
          "stddev" : 0.000000,
          "N" : 0
        },
        "lat_ns" : {
          "min" : 0,
          "max" : 0,
          "mean" : 0.000000,
          "stddev" : 0.000000,
          "N" : 0
        },
        "bw_min" : 0,
        "bw_max" : 0,
        "bw_agg" : 0.000000,
        "bw_mean" : 0.000000,
        "bw_dev" : 0.000000,
        "bw_samples" : 0,
        "iops_min" : 0,
        "iops_max" : 0,
        "iops_mean" : 0.000000,
        "iops_stddev" : 0.000000,
        "iops_samples" : 0
      },
      "sync" : {
        "total_ios" : 0,
        "lat_ns" : {
          "min" : 0,
          "max" : 0,
          "mean" : 0.000000,
          "stddev" : 0.000000,
          "N" : 0
        }
      },
      "job_runtime" : 60097,
      "usr_cpu" : 13.741119,
      "sys_cpu" : 86.192322,
      "ctx" : 1152,
      "majf" : 0,
      "minf" : 726029,
      "iodepth_level" : {
        "1" : 100.000000,
        "2" : 0.000000,
        "4" : 0.000000,
        "8" : 0.000000,
        "16" : 0.000000,
        "32" : 0.000000,
        ">=64" : 0.000000
      },
      "iodepth_submit" : {
        "0" : 0.000000,
        "4" : 100.000000,
        "8" : 0.000000,
        "16" : 0.000000,
        "32" : 0.000000,
        "64" : 0.000000,
        ">=64" : 0.000000
      },
      "iodepth_complete" : {
        "0" : 0.000000,
        "4" : 100.000000,
        "8" : 0.000000,
        "16" : 0.000000,
        "32" : 0.000000,
        "64" : 0.000000,
        ">=64" : 0.000000
      },
      "latency_ns" : {
        "2" : 0.000000,
        "4" : 0.000000,
        "10" : 0.000000,
        "20" : 0.000000,
        "50" : 0.000000,
        "100" : 0.000000,
        "250" : 0.000000,
        "500" : 0.000000,
        "750" : 0.000000,
        "1000" : 0.000000
      },
      "latency_us" : {
        "2" : 0.000000,
        "4" : 0.000000,
        "10" : 0.000000,
        "20" : 0.000000,
        "50" : 0.000000,
        "100" : 0.000000,
        "250" : 0.000000,
        "500" : 0.000000,
        "750" : 0.000000,
        "1000" : 0.000000
      },
      "latency_ms" : {
        "2" : 0.000000,
        "4" : 0.000000,
        "10" : 0.000000,
        "20" : 0.000000,
        "50" : 0.000000,
        "100" : 0.000000,
        "250" : 94.186047,
        "500" : 5.426357,
        "750" : 0.387597,
        "1000" : 0.000000,
        "2000" : 0.000000,
        ">=2000" : 0.000000
      },
      "latency_depth" : 1,
      "latency_target" : 0,
      "latency_percentile" : 100.000000,
      "latency_window" : 0
    }
  ]
}
