{
  "fio version" : "fio-3.41-53-g9af9",
  "timestamp" : 1774948125,
  "timestamp_ms" : 1774948125119,
  "time" : "Tue Mar 31 02:08:45 2026",
  "jobs" : [
    {
      "jobname" : "data_4MB",
      "groupid" : 0,
      "job_start" : 1774948064792,
      "error" : 0,
      "eta" : 0,
      "elapsed" : 62,
      "job options" : {
        "name" : "data_4MB",
        "rw" : "write",
        "bs" : "4194304",
        "direct" : "1",
        "ioengine" : "dfs",
        "iodepth" : "1",
        "numjobs" : "1",
        "size" : "10G",
        "runtime" : "60s",
        "time_based" : "",
        "group_reporting" : "",
        "pool" : "Pool1",
        "cont" : "fio_bench"
      },
      "read" : {
        "io_bytes" : 0,
        "io_kbytes" : 0,
        "bw_bytes" : 0,
        "bw" : 0,
        "iops" : 0.000000,
        "runtime" : 0,
        "total_ios" : 0,
        "short_ios" : 0,
        "drop_ios" : 0,
        "slat_ns" : {
          "min" : 0,
          "max" : 0,
          "mean" : 0.000000,
          "stddev" : 0.000000,
          "N" : 0
        },
        "clat_ns" : {
          "min" : 0,
          "max" : 0,
          "mean" : 0.000000,
          "stddev" : 0.000000,
          "N" : 0
        },
        "lat_ns" : {
          "min" : 0,
          "max" : 0,
          "mean" : 0.000000,
          "stddev" : 0.000000,
          "N" : 0
        },
        "bw_min" : 0,
        "bw_max" : 0,
        "bw_agg" : 0.000000,
        "bw_mean" : 0.000000,
        "bw_dev" : 0.000000,
        "bw_samples" : 0,
        "iops_min" : 0,
        "iops_max" : 0,
        "iops_mean" : 0.000000,
        "iops_stddev" : 0.000000,
        "iops_samples" : 0
      },
      "write" : {
        "io_bytes" : 65368227840,
        "io_kbytes" : 63836160,
        "bw_bytes" : 1089415993,
        "bw" : 1063882,
        "iops" : 259.737013,
        "runtime" : 60003,
        "total_ios" : 15585,
        "short_ios" : 0,
        "drop_ios" : 0,
        "slat_ns" : {
          "min" : 65472,
          "max" : 1483329,
          "mean" : 86972.317292,
          "stddev" : 24502.257634,
          "N" : 15585
        },
        "clat_ns" : {
          "min" : 2854839,
          "max" : 64519841,
          "mean" : 3760202.524350,
          "stddev" : 914103.235703,
          "N" : 15585,
          "percentile" : {
            "1.000000" : 3063808,
            "5.000000" : 3194880,
            "10.000000" : 3293184,
            "20.000000" : 3424256,
            "30.000000" : 3489792,
            "40.000000" : 3588096,
            "50.000000" : 3653632,
            "60.000000" : 3751936,
            "70.000000" : 3850240,
            "80.000000" : 3948544,
            "90.000000" : 4145152,
            "95.000000" : 4358144,
            "99.000000" : 6651904,
            "99.500000" : 6914048,
            "99.900000" : 7831552,
            "99.950000" : 9764864,
            "99.990000" : 50069504
          }
        },
        "lat_ns" : {
          "min" : 2938395,
          "max" : 65377673,
          "mean" : 3847174.841643,
          "stddev" : 925147.139992,
          "N" : 15585
        },
        "bw_min" : 368640,
        "bw_max" : 1163264,
        "bw_agg" : 100.000000,
        "bw_mean" : 1063936.000000,
        "bw_dev" : 105447.978337,
        "bw_samples" : 120,
        "iops_min" : 90,
        "iops_max" : 284,
        "iops_mean" : 259.750000,
        "iops_stddev" : 25.744135,
        "iops_samples" : 120
      },
      "trim" : {
        "io_bytes" : 0,
        "io_kbytes" : 0,
        "bw_bytes" : 0,
        "bw" : 0,
        "iops" : 0.000000,
        "runtime" : 0,
        "total_ios" : 0,
        "short_ios" : 0,
        "drop_ios" : 0,
        "slat_ns" : {
          "min" : 0,
          "max" : 0,
          "mean" : 0.000000,
          "stddev" : 0.000000,
          "N" : 0
        },
        "clat_ns" : {
          "min" : 0,
          "max" : 0,
          "mean" : 0.000000,
          "stddev" : 0.000000,
          "N" : 0
        },
        "lat_ns" : {
          "min" : 0,
          "max" : 0,
          "mean" : 0.000000,
          "stddev" : 0.000000,
          "N" : 0
        },
        "bw_min" : 0,
        "bw_max" : 0,
        "bw_agg" : 0.000000,
        "bw_mean" : 0.000000,
        "bw_dev" : 0.000000,
        "bw_samples" : 0,
        "iops_min" : 0,
        "iops_max" : 0,
        "iops_mean" : 0.000000,
        "iops_stddev" : 0.000000,
        "iops_samples" : 0
      },
      "sync" : {
        "total_ios" : 0,
        "lat_ns" : {
          "min" : 0,
          "max" : 0,
          "mean" : 0.000000,
          "stddev" : 0.000000,
          "N" : 0
        }
      },
      "job_runtime" : 60002,
      "usr_cpu" : 26.679111,
      "sys_cpu" : 73.244225,
      "ctx" : 1231,
      "majf" : 0,
      "minf" : 10652,
      "iodepth_level" : {
        "1" : 100.000000,
        "2" : 0.000000,
        "4" : 0.000000,
        "8" : 0.000000,
        "16" : 0.000000,
        "32" : 0.000000,
        ">=64" : 0.000000
      },
      "iodepth_submit" : {
        "0" : 0.000000,
        "4" : 100.000000,
        "8" : 0.000000,
        "16" : 0.000000,
        "32" : 0.000000,
        "64" : 0.000000,
        ">=64" : 0.000000
      },
      "iodepth_complete" : {
        "0" : 0.000000,
        "4" : 100.000000,
        "8" : 0.000000,
        "16" : 0.000000,
        "32" : 0.000000,
        "64" : 0.000000,
        ">=64" : 0.000000
      },
      "latency_ns" : {
        "2" : 0.000000,
        "4" : 0.000000,
        "10" : 0.000000,
        "20" : 0.000000,
        "50" : 0.000000,
        "100" : 0.000000,
        "250" : 0.000000,
        "500" : 0.000000,
        "750" : 0.000000,
        "1000" : 0.000000
      },
      "latency_us" : {
        "2" : 0.000000,
        "4" : 0.000000,
        "10" : 0.000000,
        "20" : 0.000000,
        "50" : 0.000000,
        "100" : 0.000000,
        "250" : 0.000000,
        "500" : 0.000000,
        "750" : 0.000000,
        "1000" : 0.000000
      },
      "latency_ms" : {
        "2" : 0.000000,
        "4" : 83.246712,
        "10" : 16.708373,
        "20" : 0.019249,
        "50" : 0.012833,
        "100" : 0.012833,
        "250" : 0.000000,
        "500" : 0.000000,
        "750" : 0.000000,
        "1000" : 0.000000,
        "2000" : 0.000000,
        ">=2000" : 0.000000
      },
      "latency_depth" : 1,
      "latency_target" : 0,
      "latency_percentile" : 100.000000,
      "latency_window" : 0
    }
  ]
}
