{
  "fio version" : "fio-3.41-53-g9af9",
  "timestamp" : 1774947377,
  "timestamp_ms" : 1774947377579,
  "time" : "Tue Mar 31 01:56:17 2026",
  "jobs" : [
    {
      "jobname" : "data_64KB",
      "groupid" : 0,
      "job_start" : 1774947317436,
      "error" : 0,
      "eta" : 0,
      "elapsed" : 61,
      "job options" : {
        "name" : "data_64KB",
        "rw" : "write",
        "bs" : "65536",
        "direct" : "1",
        "ioengine" : "dfs",
        "iodepth" : "1",
        "numjobs" : "1",
        "size" : "10G",
        "runtime" : "60s",
        "time_based" : "",
        "group_reporting" : "",
        "pool" : "Pool1",
        "cont" : "fio_bench"
      },
      "read" : {
        "io_bytes" : 0,
        "io_kbytes" : 0,
        "bw_bytes" : 0,
        "bw" : 0,
        "iops" : 0.000000,
        "runtime" : 0,
        "total_ios" : 0,
        "short_ios" : 0,
        "drop_ios" : 0,
        "slat_ns" : {
          "min" : 0,
          "max" : 0,
          "mean" : 0.000000,
          "stddev" : 0.000000,
          "N" : 0
        },
        "clat_ns" : {
          "min" : 0,
          "max" : 0,
          "mean" : 0.000000,
          "stddev" : 0.000000,
          "N" : 0
        },
        "lat_ns" : {
          "min" : 0,
          "max" : 0,
          "mean" : 0.000000,
          "stddev" : 0.000000,
          "N" : 0
        },
        "bw_min" : 0,
        "bw_max" : 0,
        "bw_agg" : 0.000000,
        "bw_mean" : 0.000000,
        "bw_dev" : 0.000000,
        "bw_samples" : 0,
        "iops_min" : 0,
        "iops_max" : 0,
        "iops_mean" : 0.000000,
        "iops_stddev" : 0.000000,
        "iops_samples" : 0
      },
      "write" : {
        "io_bytes" : 9697099776,
        "io_kbytes" : 9469824,
        "bw_bytes" : 161615636,
        "bw" : 157827,
        "iops" : 2466.058899,
        "runtime" : 60001,
        "total_ios" : 147966,
        "short_ios" : 0,
        "drop_ios" : 0,
        "slat_ns" : {
          "min" : 16802,
          "max" : 322803,
          "mean" : 21688.140870,
          "stddev" : 4709.346134,
          "N" : 147966
        },
        "clat_ns" : {
          "min" : 279753,
          "max" : 28554013,
          "mean" : 383019.099104,
          "stddev" : 186118.716117,
          "N" : 147966,
          "percentile" : {
            "1.000000" : 317440,
            "5.000000" : 325632,
            "10.000000" : 333824,
            "20.000000" : 342016,
            "30.000000" : 350208,
            "40.000000" : 358400,
            "50.000000" : 366592,
            "60.000000" : 374784,
            "70.000000" : 391168,
            "80.000000" : 419840,
            "90.000000" : 452608,
            "95.000000" : 485376,
            "99.000000" : 569344,
            "99.500000" : 593920,
            "99.900000" : 659456,
            "99.950000" : 757760,
            "99.990000" : 1695744
          }
        },
        "lat_ns" : {
          "min" : 297355,
          "max" : 28774665,
          "mean" : 404707.239974,
          "stddev" : 186972.647757,
          "N" : 147966
        },
        "bw_min" : 77312,
        "bw_max" : 169344,
        "bw_agg" : 100.000000,
        "bw_mean" : 157830.400000,
        "bw_dev" : 10429.953792,
        "bw_samples" : 120,
        "iops_min" : 1208,
        "iops_max" : 2646,
        "iops_mean" : 2466.100000,
        "iops_stddev" : 162.968028,
        "iops_samples" : 120
      },
      "trim" : {
        "io_bytes" : 0,
        "io_kbytes" : 0,
        "bw_bytes" : 0,
        "bw" : 0,
        "iops" : 0.000000,
        "runtime" : 0,
        "total_ios" : 0,
        "short_ios" : 0,
        "drop_ios" : 0,
        "slat_ns" : {
          "min" : 0,
          "max" : 0,
          "mean" : 0.000000,
          "stddev" : 0.000000,
          "N" : 0
        },
        "clat_ns" : {
          "min" : 0,
          "max" : 0,
          "mean" : 0.000000,
          "stddev" : 0.000000,
          "N" : 0
        },
        "lat_ns" : {
          "min" : 0,
          "max" : 0,
          "mean" : 0.000000,
          "stddev" : 0.000000,
          "N" : 0
        },
        "bw_min" : 0,
        "bw_max" : 0,
        "bw_agg" : 0.000000,
        "bw_mean" : 0.000000,
        "bw_dev" : 0.000000,
        "bw_samples" : 0,
        "iops_min" : 0,
        "iops_max" : 0,
        "iops_mean" : 0.000000,
        "iops_stddev" : 0.000000,
        "iops_samples" : 0
      },
      "sync" : {
        "total_ios" : 0,
        "lat_ns" : {
          "min" : 0,
          "max" : 0,
          "mean" : 0.000000,
          "stddev" : 0.000000,
          "N" : 0
        }
      },
      "job_runtime" : 60000,
      "usr_cpu" : 76.276667,
      "sys_cpu" : 23.615000,
      "ctx" : 3816,
      "majf" : 0,
      "minf" : 1537,
      "iodepth_level" : {
        "1" : 100.000000,
        "2" : 0.000000,
        "4" : 0.000000,
        "8" : 0.000000,
        "16" : 0.000000,
        "32" : 0.000000,
        ">=64" : 0.000000
      },
      "iodepth_submit" : {
        "0" : 0.000000,
        "4" : 100.000000,
        "8" : 0.000000,
        "16" : 0.000000,
        "32" : 0.000000,
        "64" : 0.000000,
        ">=64" : 0.000000
      },
      "iodepth_complete" : {
        "0" : 0.000000,
        "4" : 100.000000,
        "8" : 0.000000,
        "16" : 0.000000,
        "32" : 0.000000,
        "64" : 0.000000,
        ">=64" : 0.000000
      },
      "latency_ns" : {
        "2" : 0.000000,
        "4" : 0.000000,
        "10" : 0.000000,
        "20" : 0.000000,
        "50" : 0.000000,
        "100" : 0.000000,
        "250" : 0.000000,
        "500" : 0.000000,
        "750" : 0.000000,
        "1000" : 0.000000
      },
      "latency_us" : {
        "2" : 0.000000,
        "4" : 0.000000,
        "10" : 0.000000,
        "20" : 0.000000,
        "50" : 0.000000,
        "100" : 0.000000,
        "250" : 0.000000,
        "500" : 96.070719,
        "750" : 3.876566,
        "1000" : 0.033116
      },
      "latency_ms" : {
        "2" : 0.011489,
        "4" : 0.010000,
        "10" : 0.010000,
        "20" : 0.000000,
        "50" : 0.010000,
        "100" : 0.000000,
        "250" : 0.000000,
        "500" : 0.000000,
        "750" : 0.000000,
        "1000" : 0.000000,
        "2000" : 0.000000,
        ">=2000" : 0.000000
      },
      "latency_depth" : 1,
      "latency_target" : 0,
      "latency_percentile" : 100.000000,
      "latency_window" : 0
    }
  ]
}
