{
  "fio version" : "fio-3.41-53-g9af9",
  "timestamp" : 1774947875,
  "timestamp_ms" : 1774947875817,
  "time" : "Tue Mar 31 02:04:35 2026",
  "jobs" : [
    {
      "jobname" : "data_1MB",
      "groupid" : 0,
      "job_start" : 1774947815604,
      "error" : 0,
      "eta" : 0,
      "elapsed" : 61,
      "job options" : {
        "name" : "data_1MB",
        "rw" : "write",
        "bs" : "1048576",
        "direct" : "1",
        "ioengine" : "dfs",
        "iodepth" : "1",
        "numjobs" : "1",
        "size" : "10G",
        "runtime" : "60s",
        "time_based" : "",
        "group_reporting" : "",
        "pool" : "Pool1",
        "cont" : "fio_bench"
      },
      "read" : {
        "io_bytes" : 0,
        "io_kbytes" : 0,
        "bw_bytes" : 0,
        "bw" : 0,
        "iops" : 0.000000,
        "runtime" : 0,
        "total_ios" : 0,
        "short_ios" : 0,
        "drop_ios" : 0,
        "slat_ns" : {
          "min" : 0,
          "max" : 0,
          "mean" : 0.000000,
          "stddev" : 0.000000,
          "N" : 0
        },
        "clat_ns" : {
          "min" : 0,
          "max" : 0,
          "mean" : 0.000000,
          "stddev" : 0.000000,
          "N" : 0
        },
        "lat_ns" : {
          "min" : 0,
          "max" : 0,
          "mean" : 0.000000,
          "stddev" : 0.000000,
          "N" : 0
        },
        "bw_min" : 0,
        "bw_max" : 0,
        "bw_agg" : 0.000000,
        "bw_mean" : 0.000000,
        "bw_dev" : 0.000000,
        "bw_samples" : 0,
        "iops_min" : 0,
        "iops_max" : 0,
        "iops_mean" : 0.000000,
        "iops_stddev" : 0.000000,
        "iops_samples" : 0
      },
      "write" : {
        "io_bytes" : 41248882688,
        "io_kbytes" : 40282112,
        "bw_bytes" : 687469920,
        "bw" : 671357,
        "iops" : 655.622406,
        "runtime" : 60001,
        "total_ios" : 39338,
        "short_ios" : 0,
        "drop_ios" : 0,
        "slat_ns" : {
          "min" : 22932,
          "max" : 305080,
          "mean" : 29306.508313,
          "stddev" : 5247.274586,
          "N" : 39338
        },
        "clat_ns" : {
          "min" : 1105073,
          "max" : 43403954,
          "mean" : 1494413.266257,
          "stddev" : 405817.974974,
          "N" : 39338,
          "percentile" : {
            "1.000000" : 1187840,
            "5.000000" : 1236992,
            "10.000000" : 1269760,
            "20.000000" : 1351680,
            "30.000000" : 1417216,
            "40.000000" : 1449984,
            "50.000000" : 1482752,
            "60.000000" : 1515520,
            "70.000000" : 1564672,
            "80.000000" : 1613824,
            "90.000000" : 1662976,
            "95.000000" : 1728512,
            "99.000000" : 1941504,
            "99.500000" : 2039808,
            "99.900000" : 2473984,
            "99.950000" : 3948544,
            "99.990000" : 26345472
          }
        },
        "lat_ns" : {
          "min" : 1135009,
          "max" : 43622792,
          "mean" : 1523719.774569,
          "stddev" : 407130.498360,
          "N" : 39338
        },
        "bw_min" : 319488,
        "bw_max" : 712704,
        "bw_agg" : 100.000000,
        "bw_mean" : 671368.533333,
        "bw_dev" : 38879.815910,
        "bw_samples" : 120,
        "iops_min" : 312,
        "iops_max" : 696,
        "iops_mean" : 655.633333,
        "iops_stddev" : 37.968570,
        "iops_samples" : 120
      },
      "trim" : {
        "io_bytes" : 0,
        "io_kbytes" : 0,
        "bw_bytes" : 0,
        "bw" : 0,
        "iops" : 0.000000,
        "runtime" : 0,
        "total_ios" : 0,
        "short_ios" : 0,
        "drop_ios" : 0,
        "slat_ns" : {
          "min" : 0,
          "max" : 0,
          "mean" : 0.000000,
          "stddev" : 0.000000,
          "N" : 0
        },
        "clat_ns" : {
          "min" : 0,
          "max" : 0,
          "mean" : 0.000000,
          "stddev" : 0.000000,
          "N" : 0
        },
        "lat_ns" : {
          "min" : 0,
          "max" : 0,
          "mean" : 0.000000,
          "stddev" : 0.000000,
          "N" : 0
        },
        "bw_min" : 0,
        "bw_max" : 0,
        "bw_agg" : 0.000000,
        "bw_mean" : 0.000000,
        "bw_dev" : 0.000000,
        "bw_samples" : 0,
        "iops_min" : 0,
        "iops_max" : 0,
        "iops_mean" : 0.000000,
        "iops_stddev" : 0.000000,
        "iops_samples" : 0
      },
      "sync" : {
        "total_ios" : 0,
        "lat_ns" : {
          "min" : 0,
          "max" : 0,
          "mean" : 0.000000,
          "stddev" : 0.000000,
          "N" : 0
        }
      },
      "job_runtime" : 60000,
      "usr_cpu" : 51.371667,
      "sys_cpu" : 48.568333,
      "ctx" : 1071,
      "majf" : 0,
      "minf" : 3735,
      "iodepth_level" : {
        "1" : 100.000000,
        "2" : 0.000000,
        "4" : 0.000000,
        "8" : 0.000000,
        "16" : 0.000000,
        "32" : 0.000000,
        ">=64" : 0.000000
      },
      "iodepth_submit" : {
        "0" : 0.000000,
        "4" : 100.000000,
        "8" : 0.000000,
        "16" : 0.000000,
        "32" : 0.000000,
        "64" : 0.000000,
        ">=64" : 0.000000
      },
      "iodepth_complete" : {
        "0" : 0.000000,
        "4" : 100.000000,
        "8" : 0.000000,
        "16" : 0.000000,
        "32" : 0.000000,
        "64" : 0.000000,
        ">=64" : 0.000000
      },
      "latency_ns" : {
        "2" : 0.000000,
        "4" : 0.000000,
        "10" : 0.000000,
        "20" : 0.000000,
        "50" : 0.000000,
        "100" : 0.000000,
        "250" : 0.000000,
        "500" : 0.000000,
        "750" : 0.000000,
        "1000" : 0.000000
      },
      "latency_us" : {
        "2" : 0.000000,
        "4" : 0.000000,
        "10" : 0.000000,
        "20" : 0.000000,
        "50" : 0.000000,
        "100" : 0.000000,
        "250" : 0.000000,
        "500" : 0.000000,
        "750" : 0.000000,
        "1000" : 0.000000
      },
      "latency_ms" : {
        "2" : 99.359398,
        "4" : 0.592303,
        "10" : 0.027963,
        "20" : 0.010000,
        "50" : 0.015252,
        "100" : 0.000000,
        "250" : 0.000000,
        "500" : 0.000000,
        "750" : 0.000000,
        "1000" : 0.000000,
        "2000" : 0.000000,
        ">=2000" : 0.000000
      },
      "latency_depth" : 1,
      "latency_target" : 0,
      "latency_percentile" : 100.000000,
      "latency_window" : 0
    }
  ]
}
