{
  "fio version" : "fio-3.41-53-g9af9",
  "timestamp" : 1774948374,
  "timestamp_ms" : 1774948374300,
  "time" : "Tue Mar 31 02:12:54 2026",
  "jobs" : [
    {
      "jobname" : "data_16MB",
      "groupid" : 0,
      "job_start" : 1774948313947,
      "error" : 0,
      "eta" : 0,
      "elapsed" : 62,
      "job options" : {
        "name" : "data_16MB",
        "rw" : "write",
        "bs" : "16777216",
        "direct" : "1",
        "ioengine" : "dfs",
        "iodepth" : "1",
        "numjobs" : "1",
        "size" : "10G",
        "runtime" : "60s",
        "time_based" : "",
        "group_reporting" : "",
        "pool" : "Pool1",
        "cont" : "fio_bench"
      },
      "read" : {
        "io_bytes" : 0,
        "io_kbytes" : 0,
        "bw_bytes" : 0,
        "bw" : 0,
        "iops" : 0.000000,
        "runtime" : 0,
        "total_ios" : 0,
        "short_ios" : 0,
        "drop_ios" : 0,
        "slat_ns" : {
          "min" : 0,
          "max" : 0,
          "mean" : 0.000000,
          "stddev" : 0.000000,
          "N" : 0
        },
        "clat_ns" : {
          "min" : 0,
          "max" : 0,
          "mean" : 0.000000,
          "stddev" : 0.000000,
          "N" : 0
        },
        "lat_ns" : {
          "min" : 0,
          "max" : 0,
          "mean" : 0.000000,
          "stddev" : 0.000000,
          "N" : 0
        },
        "bw_min" : 0,
        "bw_max" : 0,
        "bw_agg" : 0.000000,
        "bw_mean" : 0.000000,
        "bw_dev" : 0.000000,
        "bw_samples" : 0,
        "iops_min" : 0,
        "iops_max" : 0,
        "iops_mean" : 0.000000,
        "iops_stddev" : 0.000000,
        "iops_samples" : 0
      },
      "write" : {
        "io_bytes" : 65632468992,
        "io_kbytes" : 64094208,
        "bw_bytes" : 1093746879,
        "bw" : 1068112,
        "iops" : 65.192394,
        "runtime" : 60007,
        "total_ios" : 3912,
        "short_ios" : 0,
        "drop_ios" : 0,
        "slat_ns" : {
          "min" : 298948,
          "max" : 4215850,
          "mean" : 457653.035020,
          "stddev" : 132646.717986,
          "N" : 3912
        },
        "clat_ns" : {
          "min" : 10677742,
          "max" : 146606606,
          "mean" : 14872257.277096,
          "stddev" : 2696458.416334,
          "N" : 3912,
          "percentile" : {
            "1.000000" : 11862016,
            "5.000000" : 12648448,
            "10.000000" : 13041664,
            "20.000000" : 13565952,
            "30.000000" : 13959168,
            "40.000000" : 14352384,
            "50.000000" : 14614528,
            "60.000000" : 15007744,
            "70.000000" : 15400960,
            "80.000000" : 15794176,
            "90.000000" : 16580608,
            "95.000000" : 17432576,
            "99.000000" : 21626880,
            "99.500000" : 22675456,
            "99.900000" : 24510464,
            "99.950000" : 33816576,
            "99.990000" : 145752064
          }
        },
        "lat_ns" : {
          "min" : 11056219,
          "max" : 147900241,
          "mean" : 15329910.312117,
          "stddev" : 2725078.308256,
          "N" : 3912
        },
        "bw_min" : 491520,
        "bw_max" : 1212416,
        "bw_agg" : 100.000000,
        "bw_mean" : 1068236.800000,
        "bw_dev" : 88742.942150,
        "bw_samples" : 120,
        "iops_min" : 30,
        "iops_max" : 74,
        "iops_mean" : 65.200000,
        "iops_stddev" : 5.416439,
        "iops_samples" : 120
      },
      "trim" : {
        "io_bytes" : 0,
        "io_kbytes" : 0,
        "bw_bytes" : 0,
        "bw" : 0,
        "iops" : 0.000000,
        "runtime" : 0,
        "total_ios" : 0,
        "short_ios" : 0,
        "drop_ios" : 0,
        "slat_ns" : {
          "min" : 0,
          "max" : 0,
          "mean" : 0.000000,
          "stddev" : 0.000000,
          "N" : 0
        },
        "clat_ns" : {
          "min" : 0,
          "max" : 0,
          "mean" : 0.000000,
          "stddev" : 0.000000,
          "N" : 0
        },
        "lat_ns" : {
          "min" : 0,
          "max" : 0,
          "mean" : 0.000000,
          "stddev" : 0.000000,
          "N" : 0
        },
        "bw_min" : 0,
        "bw_max" : 0,
        "bw_agg" : 0.000000,
        "bw_mean" : 0.000000,
        "bw_dev" : 0.000000,
        "bw_samples" : 0,
        "iops_min" : 0,
        "iops_max" : 0,
        "iops_mean" : 0.000000,
        "iops_stddev" : 0.000000,
        "iops_samples" : 0
      },
      "sync" : {
        "total_ios" : 0,
        "lat_ns" : {
          "min" : 0,
          "max" : 0,
          "mean" : 0.000000,
          "stddev" : 0.000000,
          "N" : 0
        }
      },
      "job_runtime" : 60006,
      "usr_cpu" : 16.005066,
      "sys_cpu" : 83.899943,
      "ctx" : 1385,
      "majf" : 0,
      "minf" : 38573,
      "iodepth_level" : {
        "1" : 100.000000,
        "2" : 0.000000,
        "4" : 0.000000,
        "8" : 0.000000,
        "16" : 0.000000,
        "32" : 0.000000,
        ">=64" : 0.000000
      },
      "iodepth_submit" : {
        "0" : 0.000000,
        "4" : 100.000000,
        "8" : 0.000000,
        "16" : 0.000000,
        "32" : 0.000000,
        "64" : 0.000000,
        ">=64" : 0.000000
      },
      "iodepth_complete" : {
        "0" : 0.000000,
        "4" : 100.000000,
        "8" : 0.000000,
        "16" : 0.000000,
        "32" : 0.000000,
        "64" : 0.000000,
        ">=64" : 0.000000
      },
      "latency_ns" : {
        "2" : 0.000000,
        "4" : 0.000000,
        "10" : 0.000000,
        "20" : 0.000000,
        "50" : 0.000000,
        "100" : 0.000000,
        "250" : 0.000000,
        "500" : 0.000000,
        "750" : 0.000000,
        "1000" : 0.000000
      },
      "latency_us" : {
        "2" : 0.000000,
        "4" : 0.000000,
        "10" : 0.000000,
        "20" : 0.000000,
        "50" : 0.000000,
        "100" : 0.000000,
        "250" : 0.000000,
        "500" : 0.000000,
        "750" : 0.000000,
        "1000" : 0.000000
      },
      "latency_ms" : {
        "2" : 0.000000,
        "4" : 0.000000,
        "10" : 0.000000,
        "20" : 98.108384,
        "50" : 1.866053,
        "100" : 0.000000,
        "250" : 0.025562,
        "500" : 0.000000,
        "750" : 0.000000,
        "1000" : 0.000000,
        "2000" : 0.000000,
        ">=2000" : 0.000000
      },
      "latency_depth" : 1,
      "latency_target" : 0,
      "latency_percentile" : 100.000000,
      "latency_window" : 0
    }
  ]
}
