{
  "fio version" : "fio-3.41-53-g9af9",
  "timestamp" : 1774910732,
  "timestamp_ms" : 1774910732942,
  "time" : "Mon Mar 30 15:45:32 2026",
  "jobs" : [
    {
      "jobname" : "data_64MB",
      "groupid" : 0,
      "job_start" : 1774910672508,
      "error" : 0,
      "eta" : 0,
      "elapsed" : 62,
      "job options" : {
        "name" : "data_64MB",
        "rw" : "read",
        "bs" : "67108864",
        "direct" : "1",
        "ioengine" : "dfs",
        "iodepth" : "1",
        "numjobs" : "1",
        "size" : "10G",
        "runtime" : "60s",
        "time_based" : "",
        "group_reporting" : "",
        "pool" : "Pool1",
        "cont" : "fio_bench"
      },
      "read" : {
        "io_bytes" : 630554886144,
        "io_kbytes" : 615776256,
        "bw_bytes" : 10508547532,
        "bw" : 10262253,
        "iops" : 156.589561,
        "runtime" : 60004,
        "total_ios" : 9396,
        "short_ios" : 0,
        "drop_ios" : 0,
        "slat_ns" : {
          "min" : 137707,
          "max" : 146676777,
          "mean" : 168414.430502,
          "stddev" : 1512031.477232,
          "N" : 9396
        },
        "clat_ns" : {
          "min" : 5984882,
          "max" : 97034638,
          "mean" : 6216866.997339,
          "stddev" : 985016.203515,
          "N" : 9396,
          "percentile" : {
            "1.000000" : 6062080,
            "5.000000" : 6127616,
            "10.000000" : 6127616,
            "20.000000" : 6127616,
            "30.000000" : 6127616,
            "40.000000" : 6193152,
            "50.000000" : 6193152,
            "60.000000" : 6193152,
            "70.000000" : 6193152,
            "80.000000" : 6258688,
            "90.000000" : 6258688,
            "95.000000" : 6389760,
            "99.000000" : 6651904,
            "99.500000" : 6914048,
            "99.900000" : 8224768,
            "99.950000" : 9633792,
            "99.990000" : 96993280
          }
        },
        "lat_ns" : {
          "min" : 6223007,
          "max" : 165602957,
          "mean" : 6385281.427842,
          "stddev" : 1910891.488577,
          "N" : 9396
        },
        "bw_min" : 6815744,
        "bw_max" : 10485760,
        "bw_agg" : 100.000000,
        "bw_mean" : 10262937.600000,
        "bw_dev" : 394718.438351,
        "bw_samples" : 120,
        "iops_min" : 104,
        "iops_max" : 160,
        "iops_mean" : 156.600000,
        "iops_stddev" : 6.022925,
        "iops_samples" : 120
      },
      "write" : {
        "io_bytes" : 0,
        "io_kbytes" : 0,
        "bw_bytes" : 0,
        "bw" : 0,
        "iops" : 0.000000,
        "runtime" : 0,
        "total_ios" : 0,
        "short_ios" : 0,
        "drop_ios" : 0,
        "slat_ns" : {
          "min" : 0,
          "max" : 0,
          "mean" : 0.000000,
          "stddev" : 0.000000,
          "N" : 0
        },
        "clat_ns" : {
          "min" : 0,
          "max" : 0,
          "mean" : 0.000000,
          "stddev" : 0.000000,
          "N" : 0
        },
        "lat_ns" : {
          "min" : 0,
          "max" : 0,
          "mean" : 0.000000,
          "stddev" : 0.000000,
          "N" : 0
        },
        "bw_min" : 0,
        "bw_max" : 0,
        "bw_agg" : 0.000000,
        "bw_mean" : 0.000000,
        "bw_dev" : 0.000000,
        "bw_samples" : 0,
        "iops_min" : 0,
        "iops_max" : 0,
        "iops_mean" : 0.000000,
        "iops_stddev" : 0.000000,
        "iops_samples" : 0
      },
      "trim" : {
        "io_bytes" : 0,
        "io_kbytes" : 0,
        "bw_bytes" : 0,
        "bw" : 0,
        "iops" : 0.000000,
        "runtime" : 0,
        "total_ios" : 0,
        "short_ios" : 0,
        "drop_ios" : 0,
        "slat_ns" : {
          "min" : 0,
          "max" : 0,
          "mean" : 0.000000,
          "stddev" : 0.000000,
          "N" : 0
        },
        "clat_ns" : {
          "min" : 0,
          "max" : 0,
          "mean" : 0.000000,
          "stddev" : 0.000000,
          "N" : 0
        },
        "lat_ns" : {
          "min" : 0,
          "max" : 0,
          "mean" : 0.000000,
          "stddev" : 0.000000,
          "N" : 0
        },
        "bw_min" : 0,
        "bw_max" : 0,
        "bw_agg" : 0.000000,
        "bw_mean" : 0.000000,
        "bw_dev" : 0.000000,
        "bw_samples" : 0,
        "iops_min" : 0,
        "iops_max" : 0,
        "iops_mean" : 0.000000,
        "iops_stddev" : 0.000000,
        "iops_samples" : 0
      },
      "sync" : {
        "total_ios" : 0,
        "lat_ns" : {
          "min" : 0,
          "max" : 0,
          "mean" : 0.000000,
          "stddev" : 0.000000,
          "N" : 0
        }
      },
      "job_runtime" : 60003,
      "usr_cpu" : 99.950002,
      "sys_cpu" : 0.000000,
      "ctx" : 508,
      "majf" : 0,
      "minf" : 18805,
      "iodepth_level" : {
        "1" : 100.000000,
        "2" : 0.000000,
        "4" : 0.000000,
        "8" : 0.000000,
        "16" : 0.000000,
        "32" : 0.000000,
        ">=64" : 0.000000
      },
      "iodepth_submit" : {
        "0" : 0.000000,
        "4" : 100.000000,
        "8" : 0.000000,
        "16" : 0.000000,
        "32" : 0.000000,
        "64" : 0.000000,
        ">=64" : 0.000000
      },
      "iodepth_complete" : {
        "0" : 0.000000,
        "4" : 100.000000,
        "8" : 0.000000,
        "16" : 0.000000,
        "32" : 0.000000,
        "64" : 0.000000,
        ">=64" : 0.000000
      },
      "latency_ns" : {
        "2" : 0.000000,
        "4" : 0.000000,
        "10" : 0.000000,
        "20" : 0.000000,
        "50" : 0.000000,
        "100" : 0.000000,
        "250" : 0.000000,
        "500" : 0.000000,
        "750" : 0.000000,
        "1000" : 0.000000
      },
      "latency_us" : {
        "2" : 0.000000,
        "4" : 0.000000,
        "10" : 0.000000,
        "20" : 0.000000,
        "50" : 0.000000,
        "100" : 0.000000,
        "250" : 0.000000,
        "500" : 0.000000,
        "750" : 0.000000,
        "1000" : 0.000000
      },
      "latency_ms" : {
        "2" : 0.000000,
        "4" : 0.000000,
        "10" : 99.968072,
        "20" : 0.010643,
        "50" : 0.010643,
        "100" : 0.010643,
        "250" : 0.000000,
        "500" : 0.000000,
        "750" : 0.000000,
        "1000" : 0.000000,
        "2000" : 0.000000,
        ">=2000" : 0.000000
      },
      "latency_depth" : 1,
      "latency_target" : 0,
      "latency_percentile" : 100.000000,
      "latency_window" : 0
    }
  ]
}
