{
  "fio version" : "fio-3.41-53-g9af9",
  "timestamp" : 1774909477,
  "timestamp_ms" : 1774909477155,
  "time" : "Mon Mar 30 15:24:37 2026",
  "jobs" : [
    {
      "jobname" : "data_64KB",
      "groupid" : 0,
      "job_start" : 1774909416875,
      "error" : 0,
      "eta" : 0,
      "elapsed" : 62,
      "job options" : {
        "name" : "data_64KB",
        "rw" : "read",
        "bs" : "65536",
        "direct" : "1",
        "ioengine" : "dfs",
        "iodepth" : "1",
        "numjobs" : "1",
        "size" : "10G",
        "runtime" : "60s",
        "time_based" : "",
        "group_reporting" : "",
        "pool" : "Pool1",
        "cont" : "fio_bench"
      },
      "read" : {
        "io_bytes" : 24726077440,
        "io_kbytes" : 24146560,
        "bw_bytes" : 412094422,
        "bw" : 402435,
        "iops" : 6288.061866,
        "runtime" : 60001,
        "total_ios" : 377290,
        "short_ios" : 0,
        "drop_ios" : 0,
        "slat_ns" : {
          "min" : 3666,
          "max" : 691771,
          "mean" : 4265.050712,
          "stddev" : 1841.184912,
          "N" : 377290
        },
        "clat_ns" : {
          "min" : 72967,
          "max" : 5794236,
          "mean" : 154511.875968,
          "stddev" : 30912.331797,
          "N" : 377290,
          "percentile" : {
            "1.000000" : 104960,
            "5.000000" : 109056,
            "10.000000" : 111104,
            "20.000000" : 124416,
            "30.000000" : 134144,
            "40.000000" : 154624,
            "50.000000" : 160768,
            "60.000000" : 166912,
            "70.000000" : 173056,
            "80.000000" : 177152,
            "90.000000" : 185344,
            "95.000000" : 191488,
            "99.000000" : 203776,
            "99.500000" : 218112,
            "99.900000" : 354304,
            "99.950000" : 370688,
            "99.990000" : 419840
          }
        },
        "lat_ns" : {
          "min" : 101258,
          "max" : 6486007,
          "mean" : 158776.926680,
          "stddev" : 31347.256748,
          "N" : 377290
        },
        "bw_min" : 367488,
        "bw_max" : 409856,
        "bw_agg" : 100.000000,
        "bw_mean" : 402442.666667,
        "bw_dev" : 6887.907383,
        "bw_samples" : 120,
        "iops_min" : 5742,
        "iops_max" : 6404,
        "iops_mean" : 6288.150000,
        "iops_stddev" : 107.612177,
        "iops_samples" : 120
      },
      "write" : {
        "io_bytes" : 0,
        "io_kbytes" : 0,
        "bw_bytes" : 0,
        "bw" : 0,
        "iops" : 0.000000,
        "runtime" : 0,
        "total_ios" : 0,
        "short_ios" : 0,
        "drop_ios" : 0,
        "slat_ns" : {
          "min" : 0,
          "max" : 0,
          "mean" : 0.000000,
          "stddev" : 0.000000,
          "N" : 0
        },
        "clat_ns" : {
          "min" : 0,
          "max" : 0,
          "mean" : 0.000000,
          "stddev" : 0.000000,
          "N" : 0
        },
        "lat_ns" : {
          "min" : 0,
          "max" : 0,
          "mean" : 0.000000,
          "stddev" : 0.000000,
          "N" : 0
        },
        "bw_min" : 0,
        "bw_max" : 0,
        "bw_agg" : 0.000000,
        "bw_mean" : 0.000000,
        "bw_dev" : 0.000000,
        "bw_samples" : 0,
        "iops_min" : 0,
        "iops_max" : 0,
        "iops_mean" : 0.000000,
        "iops_stddev" : 0.000000,
        "iops_samples" : 0
      },
      "trim" : {
        "io_bytes" : 0,
        "io_kbytes" : 0,
        "bw_bytes" : 0,
        "bw" : 0,
        "iops" : 0.000000,
        "runtime" : 0,
        "total_ios" : 0,
        "short_ios" : 0,
        "drop_ios" : 0,
        "slat_ns" : {
          "min" : 0,
          "max" : 0,
          "mean" : 0.000000,
          "stddev" : 0.000000,
          "N" : 0
        },
        "clat_ns" : {
          "min" : 0,
          "max" : 0,
          "mean" : 0.000000,
          "stddev" : 0.000000,
          "N" : 0
        },
        "lat_ns" : {
          "min" : 0,
          "max" : 0,
          "mean" : 0.000000,
          "stddev" : 0.000000,
          "N" : 0
        },
        "bw_min" : 0,
        "bw_max" : 0,
        "bw_agg" : 0.000000,
        "bw_mean" : 0.000000,
        "bw_dev" : 0.000000,
        "bw_samples" : 0,
        "iops_min" : 0,
        "iops_max" : 0,
        "iops_mean" : 0.000000,
        "iops_stddev" : 0.000000,
        "iops_samples" : 0
      },
      "sync" : {
        "total_ios" : 0,
        "lat_ns" : {
          "min" : 0,
          "max" : 0,
          "mean" : 0.000000,
          "stddev" : 0.000000,
          "N" : 0
        }
      },
      "job_runtime" : 60000,
      "usr_cpu" : 99.981667,
      "sys_cpu" : 0.000000,
      "ctx" : 324,
      "majf" : 0,
      "minf" : 1503,
      "iodepth_level" : {
        "1" : 100.000000,
        "2" : 0.000000,
        "4" : 0.000000,
        "8" : 0.000000,
        "16" : 0.000000,
        "32" : 0.000000,
        ">=64" : 0.000000
      },
      "iodepth_submit" : {
        "0" : 0.000000,
        "4" : 100.000000,
        "8" : 0.000000,
        "16" : 0.000000,
        "32" : 0.000000,
        "64" : 0.000000,
        ">=64" : 0.000000
      },
      "iodepth_complete" : {
        "0" : 0.000000,
        "4" : 100.000000,
        "8" : 0.000000,
        "16" : 0.000000,
        "32" : 0.000000,
        "64" : 0.000000,
        ">=64" : 0.000000
      },
      "latency_ns" : {
        "2" : 0.000000,
        "4" : 0.000000,
        "10" : 0.000000,
        "20" : 0.000000,
        "50" : 0.000000,
        "100" : 0.000000,
        "250" : 0.000000,
        "500" : 0.000000,
        "750" : 0.000000,
        "1000" : 0.000000
      },
      "latency_us" : {
        "2" : 0.000000,
        "4" : 0.000000,
        "10" : 0.000000,
        "20" : 0.000000,
        "50" : 0.000000,
        "100" : 0.015108,
        "250" : 99.620716,
        "500" : 0.355960,
        "750" : 0.010000,
        "1000" : 0.010000
      },
      "latency_ms" : {
        "2" : 0.010000,
        "4" : 0.000000,
        "10" : 0.010000,
        "20" : 0.000000,
        "50" : 0.000000,
        "100" : 0.000000,
        "250" : 0.000000,
        "500" : 0.000000,
        "750" : 0.000000,
        "1000" : 0.000000,
        "2000" : 0.000000,
        ">=2000" : 0.000000
      },
      "latency_depth" : 1,
      "latency_target" : 0,
      "latency_percentile" : 100.000000,
      "latency_window" : 0
    }
  ]
}
