{
  "fio version" : "fio-3.41-53-g9af9",
  "timestamp" : 1774909977,
  "timestamp_ms" : 1774909977457,
  "time" : "Mon Mar 30 15:32:57 2026",
  "jobs" : [
    {
      "jobname" : "data_1MB",
      "groupid" : 0,
      "job_start" : 1774909917301,
      "error" : 0,
      "eta" : 0,
      "elapsed" : 62,
      "job options" : {
        "name" : "data_1MB",
        "rw" : "read",
        "bs" : "1048576",
        "direct" : "1",
        "ioengine" : "dfs",
        "iodepth" : "1",
        "numjobs" : "1",
        "size" : "10G",
        "runtime" : "60s",
        "time_based" : "",
        "group_reporting" : "",
        "pool" : "Pool1",
        "cont" : "fio_bench"
      },
      "read" : {
        "io_bytes" : 117134327808,
        "io_kbytes" : 114388992,
        "bw_bytes" : 1952206260,
        "bw" : 1906451,
        "iops" : 1861.768971,
        "runtime" : 60001,
        "total_ios" : 111708,
        "short_ios" : 0,
        "drop_ios" : 0,
        "slat_ns" : {
          "min" : 3747,
          "max" : 27763968,
          "mean" : 5565.155163,
          "stddev" : 83080.499985,
          "N" : 111708
        },
        "clat_ns" : {
          "min" : 364660,
          "max" : 7578026,
          "mean" : 531249.714067,
          "stddev" : 162984.961388,
          "N" : 111708,
          "percentile" : {
            "1.000000" : 382976,
            "5.000000" : 391168,
            "10.000000" : 395264,
            "20.000000" : 403456,
            "30.000000" : 415744,
            "40.000000" : 428032,
            "50.000000" : 440320,
            "60.000000" : 464896,
            "70.000000" : 700416,
            "80.000000" : 708608,
            "90.000000" : 724992,
            "95.000000" : 749568,
            "99.000000" : 790528,
            "99.500000" : 815104,
            "99.900000" : 1236992,
            "99.950000" : 2310144,
            "99.990000" : 3981312
          }
        },
        "lat_ns" : {
          "min" : 369129,
          "max" : 35341994,
          "mean" : 536814.869230,
          "stddev" : 192294.087433,
          "N" : 111708
        },
        "bw_min" : 1667072,
        "bw_max" : 1935360,
        "bw_agg" : 100.000000,
        "bw_mean" : 1906483.200000,
        "bw_dev" : 30877.812687,
        "bw_samples" : 120,
        "iops_min" : 1628,
        "iops_max" : 1890,
        "iops_mean" : 1861.800000,
        "iops_stddev" : 30.154114,
        "iops_samples" : 120
      },
      "write" : {
        "io_bytes" : 0,
        "io_kbytes" : 0,
        "bw_bytes" : 0,
        "bw" : 0,
        "iops" : 0.000000,
        "runtime" : 0,
        "total_ios" : 0,
        "short_ios" : 0,
        "drop_ios" : 0,
        "slat_ns" : {
          "min" : 0,
          "max" : 0,
          "mean" : 0.000000,
          "stddev" : 0.000000,
          "N" : 0
        },
        "clat_ns" : {
          "min" : 0,
          "max" : 0,
          "mean" : 0.000000,
          "stddev" : 0.000000,
          "N" : 0
        },
        "lat_ns" : {
          "min" : 0,
          "max" : 0,
          "mean" : 0.000000,
          "stddev" : 0.000000,
          "N" : 0
        },
        "bw_min" : 0,
        "bw_max" : 0,
        "bw_agg" : 0.000000,
        "bw_mean" : 0.000000,
        "bw_dev" : 0.000000,
        "bw_samples" : 0,
        "iops_min" : 0,
        "iops_max" : 0,
        "iops_mean" : 0.000000,
        "iops_stddev" : 0.000000,
        "iops_samples" : 0
      },
      "trim" : {
        "io_bytes" : 0,
        "io_kbytes" : 0,
        "bw_bytes" : 0,
        "bw" : 0,
        "iops" : 0.000000,
        "runtime" : 0,
        "total_ios" : 0,
        "short_ios" : 0,
        "drop_ios" : 0,
        "slat_ns" : {
          "min" : 0,
          "max" : 0,
          "mean" : 0.000000,
          "stddev" : 0.000000,
          "N" : 0
        },
        "clat_ns" : {
          "min" : 0,
          "max" : 0,
          "mean" : 0.000000,
          "stddev" : 0.000000,
          "N" : 0
        },
        "lat_ns" : {
          "min" : 0,
          "max" : 0,
          "mean" : 0.000000,
          "stddev" : 0.000000,
          "N" : 0
        },
        "bw_min" : 0,
        "bw_max" : 0,
        "bw_agg" : 0.000000,
        "bw_mean" : 0.000000,
        "bw_dev" : 0.000000,
        "bw_samples" : 0,
        "iops_min" : 0,
        "iops_max" : 0,
        "iops_mean" : 0.000000,
        "iops_stddev" : 0.000000,
        "iops_samples" : 0
      },
      "sync" : {
        "total_ios" : 0,
        "lat_ns" : {
          "min" : 0,
          "max" : 0,
          "mean" : 0.000000,
          "stddev" : 0.000000,
          "N" : 0
        }
      },
      "job_runtime" : 60000,
      "usr_cpu" : 99.980000,
      "sys_cpu" : 0.000000,
      "ctx" : 306,
      "majf" : 0,
      "minf" : 1618,
      "iodepth_level" : {
        "1" : 100.000000,
        "2" : 0.000000,
        "4" : 0.000000,
        "8" : 0.000000,
        "16" : 0.000000,
        "32" : 0.000000,
        ">=64" : 0.000000
      },
      "iodepth_submit" : {
        "0" : 0.000000,
        "4" : 100.000000,
        "8" : 0.000000,
        "16" : 0.000000,
        "32" : 0.000000,
        "64" : 0.000000,
        ">=64" : 0.000000
      },
      "iodepth_complete" : {
        "0" : 0.000000,
        "4" : 100.000000,
        "8" : 0.000000,
        "16" : 0.000000,
        "32" : 0.000000,
        "64" : 0.000000,
        ">=64" : 0.000000
      },
      "latency_ns" : {
        "2" : 0.000000,
        "4" : 0.000000,
        "10" : 0.000000,
        "20" : 0.000000,
        "50" : 0.000000,
        "100" : 0.000000,
        "250" : 0.000000,
        "500" : 0.000000,
        "750" : 0.000000,
        "1000" : 0.000000
      },
      "latency_us" : {
        "2" : 0.000000,
        "4" : 0.000000,
        "10" : 0.000000,
        "20" : 0.000000,
        "50" : 0.000000,
        "100" : 0.000000,
        "250" : 0.000000,
        "500" : 62.925663,
        "750" : 33.016436,
        "1000" : 3.900347
      },
      "latency_ms" : {
        "2" : 0.096681,
        "4" : 0.051921,
        "10" : 0.010000,
        "20" : 0.000000,
        "50" : 0.000000,
        "100" : 0.000000,
        "250" : 0.000000,
        "500" : 0.000000,
        "750" : 0.000000,
        "1000" : 0.000000,
        "2000" : 0.000000,
        ">=2000" : 0.000000
      },
      "latency_depth" : 1,
      "latency_target" : 0,
      "latency_percentile" : 100.000000,
      "latency_window" : 0
    }
  ]
}
