{
  "fio version" : "fio-3.41-53-g9af9",
  "timestamp" : 1774910227,
  "timestamp_ms" : 1774910227334,
  "time" : "Mon Mar 30 15:37:07 2026",
  "jobs" : [
    {
      "jobname" : "data_4MB",
      "groupid" : 0,
      "job_start" : 1774910166975,
      "error" : 0,
      "eta" : 0,
      "elapsed" : 62,
      "job options" : {
        "name" : "data_4MB",
        "rw" : "read",
        "bs" : "4194304",
        "direct" : "1",
        "ioengine" : "dfs",
        "iodepth" : "1",
        "numjobs" : "1",
        "size" : "10G",
        "runtime" : "60s",
        "time_based" : "",
        "group_reporting" : "",
        "pool" : "Pool1",
        "cont" : "fio_bench"
      },
      "read" : {
        "io_bytes" : 325528322048,
        "io_kbytes" : 317898752,
        "bw_bytes" : 5425381611,
        "bw" : 5298224,
        "iops" : 1293.511775,
        "runtime" : 60001,
        "total_ios" : 77612,
        "short_ios" : 0,
        "drop_ios" : 0,
        "slat_ns" : {
          "min" : 11882,
          "max" : 16154537,
          "mean" : 13952.138638,
          "stddev" : 58118.342806,
          "N" : 77612
        },
        "clat_ns" : {
          "min" : 620298,
          "max" : 96129349,
          "mean" : 758777.351917,
          "stddev" : 408092.418185,
          "N" : 77612,
          "percentile" : {
            "1.000000" : 651264,
            "5.000000" : 659456,
            "10.000000" : 667648,
            "20.000000" : 667648,
            "30.000000" : 675840,
            "40.000000" : 684032,
            "50.000000" : 700416,
            "60.000000" : 716800,
            "70.000000" : 749568,
            "80.000000" : 782336,
            "90.000000" : 856064,
            "95.000000" : 954368,
            "99.000000" : 1875968,
            "99.500000" : 2342912,
            "99.900000" : 3129344,
            "99.950000" : 3620864,
            "99.990000" : 4685824
          }
        },
        "lat_ns" : {
          "min" : 651546,
          "max" : 96220128,
          "mean" : 772729.490556,
          "stddev" : 416540.615797,
          "N" : 77612
        },
        "bw_min" : 1351680,
        "bw_max" : 5668864,
        "bw_agg" : 100.000000,
        "bw_mean" : 5298312.533333,
        "bw_dev" : 704034.545215,
        "bw_samples" : 120,
        "iops_min" : 330,
        "iops_max" : 1384,
        "iops_mean" : 1293.533333,
        "iops_stddev" : 171.883434,
        "iops_samples" : 120
      },
      "write" : {
        "io_bytes" : 0,
        "io_kbytes" : 0,
        "bw_bytes" : 0,
        "bw" : 0,
        "iops" : 0.000000,
        "runtime" : 0,
        "total_ios" : 0,
        "short_ios" : 0,
        "drop_ios" : 0,
        "slat_ns" : {
          "min" : 0,
          "max" : 0,
          "mean" : 0.000000,
          "stddev" : 0.000000,
          "N" : 0
        },
        "clat_ns" : {
          "min" : 0,
          "max" : 0,
          "mean" : 0.000000,
          "stddev" : 0.000000,
          "N" : 0
        },
        "lat_ns" : {
          "min" : 0,
          "max" : 0,
          "mean" : 0.000000,
          "stddev" : 0.000000,
          "N" : 0
        },
        "bw_min" : 0,
        "bw_max" : 0,
        "bw_agg" : 0.000000,
        "bw_mean" : 0.000000,
        "bw_dev" : 0.000000,
        "bw_samples" : 0,
        "iops_min" : 0,
        "iops_max" : 0,
        "iops_mean" : 0.000000,
        "iops_stddev" : 0.000000,
        "iops_samples" : 0
      },
      "trim" : {
        "io_bytes" : 0,
        "io_kbytes" : 0,
        "bw_bytes" : 0,
        "bw" : 0,
        "iops" : 0.000000,
        "runtime" : 0,
        "total_ios" : 0,
        "short_ios" : 0,
        "drop_ios" : 0,
        "slat_ns" : {
          "min" : 0,
          "max" : 0,
          "mean" : 0.000000,
          "stddev" : 0.000000,
          "N" : 0
        },
        "clat_ns" : {
          "min" : 0,
          "max" : 0,
          "mean" : 0.000000,
          "stddev" : 0.000000,
          "N" : 0
        },
        "lat_ns" : {
          "min" : 0,
          "max" : 0,
          "mean" : 0.000000,
          "stddev" : 0.000000,
          "N" : 0
        },
        "bw_min" : 0,
        "bw_max" : 0,
        "bw_agg" : 0.000000,
        "bw_mean" : 0.000000,
        "bw_dev" : 0.000000,
        "bw_samples" : 0,
        "iops_min" : 0,
        "iops_max" : 0,
        "iops_mean" : 0.000000,
        "iops_stddev" : 0.000000,
        "iops_samples" : 0
      },
      "sync" : {
        "total_ios" : 0,
        "lat_ns" : {
          "min" : 0,
          "max" : 0,
          "mean" : 0.000000,
          "stddev" : 0.000000,
          "N" : 0
        }
      },
      "job_runtime" : 60000,
      "usr_cpu" : 99.980000,
      "sys_cpu" : 0.000000,
      "ctx" : 454,
      "majf" : 0,
      "minf" : 3044,
      "iodepth_level" : {
        "1" : 100.000000,
        "2" : 0.000000,
        "4" : 0.000000,
        "8" : 0.000000,
        "16" : 0.000000,
        "32" : 0.000000,
        ">=64" : 0.000000
      },
      "iodepth_submit" : {
        "0" : 0.000000,
        "4" : 100.000000,
        "8" : 0.000000,
        "16" : 0.000000,
        "32" : 0.000000,
        "64" : 0.000000,
        ">=64" : 0.000000
      },
      "iodepth_complete" : {
        "0" : 0.000000,
        "4" : 100.000000,
        "8" : 0.000000,
        "16" : 0.000000,
        "32" : 0.000000,
        "64" : 0.000000,
        ">=64" : 0.000000
      },
      "latency_ns" : {
        "2" : 0.000000,
        "4" : 0.000000,
        "10" : 0.000000,
        "20" : 0.000000,
        "50" : 0.000000,
        "100" : 0.000000,
        "250" : 0.000000,
        "500" : 0.000000,
        "750" : 0.000000,
        "1000" : 0.000000
      },
      "latency_us" : {
        "2" : 0.000000,
        "4" : 0.000000,
        "10" : 0.000000,
        "20" : 0.000000,
        "50" : 0.000000,
        "100" : 0.000000,
        "250" : 0.000000,
        "500" : 0.000000,
        "750" : 70.400196,
        "1000" : 25.716384
      },
      "latency_ms" : {
        "2" : 2.991805,
        "4" : 0.858115,
        "10" : 0.032212,
        "20" : 0.000000,
        "50" : 0.000000,
        "100" : 0.010000,
        "250" : 0.000000,
        "500" : 0.000000,
        "750" : 0.000000,
        "1000" : 0.000000,
        "2000" : 0.000000,
        ">=2000" : 0.000000
      },
      "latency_depth" : 1,
      "latency_target" : 0,
      "latency_percentile" : 100.000000,
      "latency_window" : 0
    }
  ]
}
