{
  "fio version" : "fio-3.41-53-g9af9",
  "timestamp" : 1774910997,
  "timestamp_ms" : 1774910997120,
  "time" : "Mon Mar 30 15:49:57 2026",
  "jobs" : [
    {
      "jobname" : "data_256MB",
      "groupid" : 0,
      "job_start" : 1774910936599,
      "error" : 0,
      "eta" : 0,
      "elapsed" : 62,
      "job options" : {
        "name" : "data_256MB",
        "rw" : "read",
        "bs" : "268435456",
        "direct" : "1",
        "ioengine" : "dfs",
        "iodepth" : "1",
        "numjobs" : "1",
        "size" : "10G",
        "runtime" : "60s",
        "time_based" : "",
        "group_reporting" : "",
        "pool" : "Pool1",
        "cont" : "fio_bench"
      },
      "read" : {
        "io_bytes" : 547339894784,
        "io_kbytes" : 534511616,
        "bw_bytes" : 9118987950,
        "bw" : 8905261,
        "iops" : 33.970877,
        "runtime" : 60022,
        "total_ios" : 2039,
        "short_ios" : 0,
        "drop_ios" : 0,
        "slat_ns" : {
          "min" : 372175,
          "max" : 172414142,
          "mean" : 478733.847474,
          "stddev" : 3809955.117414,
          "N" : 2039
        },
        "clat_ns" : {
          "min" : 23563525,
          "max" : 362197583,
          "mean" : 28956562.808239,
          "stddev" : 8797487.145068,
          "N" : 2039,
          "percentile" : {
            "1.000000" : 23724032,
            "5.000000" : 24248320,
            "10.000000" : 24510464,
            "20.000000" : 25296896,
            "30.000000" : 26083328,
            "40.000000" : 26869760,
            "50.000000" : 27918336,
            "60.000000" : 28704768,
            "70.000000" : 30015488,
            "80.000000" : 31850496,
            "90.000000" : 34340864,
            "95.000000" : 35913728,
            "99.000000" : 39583744,
            "99.500000" : 41680896,
            "99.900000" : 103284736,
            "99.950000" : 108527616,
            "99.990000" : 362807296
          }
        },
        "lat_ns" : {
          "min" : 24134642,
          "max" : 534611725,
          "mean" : 29435296.655714,
          "stddev" : 12173207.552570,
          "N" : 2039
        },
        "bw_min" : 7864320,
        "bw_max" : 11010048,
        "bw_agg" : 100.000000,
        "bw_mean" : 8978982.722689,
        "bw_dev" : 612617.139936,
        "bw_samples" : 119,
        "iops_min" : 30,
        "iops_max" : 42,
        "iops_mean" : 34.252101,
        "iops_stddev" : 2.336949,
        "iops_samples" : 119
      },
      "write" : {
        "io_bytes" : 0,
        "io_kbytes" : 0,
        "bw_bytes" : 0,
        "bw" : 0,
        "iops" : 0.000000,
        "runtime" : 0,
        "total_ios" : 0,
        "short_ios" : 0,
        "drop_ios" : 0,
        "slat_ns" : {
          "min" : 0,
          "max" : 0,
          "mean" : 0.000000,
          "stddev" : 0.000000,
          "N" : 0
        },
        "clat_ns" : {
          "min" : 0,
          "max" : 0,
          "mean" : 0.000000,
          "stddev" : 0.000000,
          "N" : 0
        },
        "lat_ns" : {
          "min" : 0,
          "max" : 0,
          "mean" : 0.000000,
          "stddev" : 0.000000,
          "N" : 0
        },
        "bw_min" : 0,
        "bw_max" : 0,
        "bw_agg" : 0.000000,
        "bw_mean" : 0.000000,
        "bw_dev" : 0.000000,
        "bw_samples" : 0,
        "iops_min" : 0,
        "iops_max" : 0,
        "iops_mean" : 0.000000,
        "iops_stddev" : 0.000000,
        "iops_samples" : 0
      },
      "trim" : {
        "io_bytes" : 0,
        "io_kbytes" : 0,
        "bw_bytes" : 0,
        "bw" : 0,
        "iops" : 0.000000,
        "runtime" : 0,
        "total_ios" : 0,
        "short_ios" : 0,
        "drop_ios" : 0,
        "slat_ns" : {
          "min" : 0,
          "max" : 0,
          "mean" : 0.000000,
          "stddev" : 0.000000,
          "N" : 0
        },
        "clat_ns" : {
          "min" : 0,
          "max" : 0,
          "mean" : 0.000000,
          "stddev" : 0.000000,
          "N" : 0
        },
        "lat_ns" : {
          "min" : 0,
          "max" : 0,
          "mean" : 0.000000,
          "stddev" : 0.000000,
          "N" : 0
        },
        "bw_min" : 0,
        "bw_max" : 0,
        "bw_agg" : 0.000000,
        "bw_mean" : 0.000000,
        "bw_dev" : 0.000000,
        "bw_samples" : 0,
        "iops_min" : 0,
        "iops_max" : 0,
        "iops_mean" : 0.000000,
        "iops_stddev" : 0.000000,
        "iops_samples" : 0
      },
      "sync" : {
        "total_ios" : 0,
        "lat_ns" : {
          "min" : 0,
          "max" : 0,
          "mean" : 0.000000,
          "stddev" : 0.000000,
          "N" : 0
        }
      },
      "job_runtime" : 60021,
      "usr_cpu" : 99.181953,
      "sys_cpu" : 0.531481,
      "ctx" : 2064,
      "majf" : 0,
      "minf" : 72544,
      "iodepth_level" : {
        "1" : 100.000000,
        "2" : 0.000000,
        "4" : 0.000000,
        "8" : 0.000000,
        "16" : 0.000000,
        "32" : 0.000000,
        ">=64" : 0.000000
      },
      "iodepth_submit" : {
        "0" : 0.000000,
        "4" : 100.000000,
        "8" : 0.000000,
        "16" : 0.000000,
        "32" : 0.000000,
        "64" : 0.000000,
        ">=64" : 0.000000
      },
      "iodepth_complete" : {
        "0" : 0.000000,
        "4" : 100.000000,
        "8" : 0.000000,
        "16" : 0.000000,
        "32" : 0.000000,
        "64" : 0.000000,
        ">=64" : 0.000000
      },
      "latency_ns" : {
        "2" : 0.000000,
        "4" : 0.000000,
        "10" : 0.000000,
        "20" : 0.000000,
        "50" : 0.000000,
        "100" : 0.000000,
        "250" : 0.000000,
        "500" : 0.000000,
        "750" : 0.000000,
        "1000" : 0.000000
      },
      "latency_us" : {
        "2" : 0.000000,
        "4" : 0.000000,
        "10" : 0.000000,
        "20" : 0.000000,
        "50" : 0.000000,
        "100" : 0.000000,
        "250" : 0.000000,
        "500" : 0.000000,
        "750" : 0.000000,
        "1000" : 0.000000
      },
      "latency_ms" : {
        "2" : 0.000000,
        "4" : 0.000000,
        "10" : 0.000000,
        "20" : 0.000000,
        "50" : 99.754782,
        "100" : 0.098087,
        "250" : 0.098087,
        "500" : 0.049044,
        "750" : 0.000000,
        "1000" : 0.000000,
        "2000" : 0.000000,
        ">=2000" : 0.000000
      },
      "latency_depth" : 1,
      "latency_target" : 0,
      "latency_percentile" : 100.000000,
      "latency_window" : 0
    }
  ]
}
