{
  "fio version" : "fio-3.41-53-g9af9",
  "timestamp" : 1774910478,
  "timestamp_ms" : 1774910478862,
  "time" : "Mon Mar 30 15:41:18 2026",
  "jobs" : [
    {
      "jobname" : "data_16MB",
      "groupid" : 0,
      "job_start" : 1774910418469,
      "error" : 0,
      "eta" : 0,
      "elapsed" : 62,
      "job options" : {
        "name" : "data_16MB",
        "rw" : "read",
        "bs" : "16777216",
        "direct" : "1",
        "ioengine" : "dfs",
        "iodepth" : "1",
        "numjobs" : "1",
        "size" : "10G",
        "runtime" : "60s",
        "time_based" : "",
        "group_reporting" : "",
        "pool" : "Pool1",
        "cont" : "fio_bench"
      },
      "read" : {
        "io_bytes" : 322609086464,
        "io_kbytes" : 315047936,
        "bw_bytes" : 5376728495,
        "bw" : 5250711,
        "iops" : 320.477992,
        "runtime" : 60001,
        "total_ios" : 19229,
        "short_ios" : 0,
        "drop_ios" : 0,
        "slat_ns" : {
          "min" : 45134,
          "max" : 42808473,
          "mean" : 53096.079515,
          "stddev" : 308584.580043,
          "N" : 19229
        },
        "clat_ns" : {
          "min" : 1803736,
          "max" : 18951234,
          "mean" : 3066609.484269,
          "stddev" : 1273476.122509,
          "N" : 19229,
          "percentile" : {
            "1.000000" : 1941504,
            "5.000000" : 2072576,
            "10.000000" : 2146304,
            "20.000000" : 2310144,
            "30.000000" : 2441216,
            "40.000000" : 2605056,
            "50.000000" : 2768896,
            "60.000000" : 2965504,
            "70.000000" : 3162112,
            "80.000000" : 3424256,
            "90.000000" : 3948544,
            "95.000000" : 4947968,
            "99.000000" : 9240576,
            "99.500000" : 9764864,
            "99.900000" : 11993088,
            "99.950000" : 12517376,
            "99.990000" : 14614528
          }
        },
        "lat_ns" : {
          "min" : 1855843,
          "max" : 61759707,
          "mean" : 3119705.563784,
          "stddev" : 1337884.407608,
          "N" : 19229
        },
        "bw_min" : 2162688,
        "bw_max" : 6324224,
        "bw_agg" : 100.000000,
        "bw_mean" : 5250798.933333,
        "bw_dev" : 1024603.652786,
        "bw_samples" : 120,
        "iops_min" : 132,
        "iops_max" : 386,
        "iops_mean" : 320.483333,
        "iops_stddev" : 62.536844,
        "iops_samples" : 120
      },
      "write" : {
        "io_bytes" : 0,
        "io_kbytes" : 0,
        "bw_bytes" : 0,
        "bw" : 0,
        "iops" : 0.000000,
        "runtime" : 0,
        "total_ios" : 0,
        "short_ios" : 0,
        "drop_ios" : 0,
        "slat_ns" : {
          "min" : 0,
          "max" : 0,
          "mean" : 0.000000,
          "stddev" : 0.000000,
          "N" : 0
        },
        "clat_ns" : {
          "min" : 0,
          "max" : 0,
          "mean" : 0.000000,
          "stddev" : 0.000000,
          "N" : 0
        },
        "lat_ns" : {
          "min" : 0,
          "max" : 0,
          "mean" : 0.000000,
          "stddev" : 0.000000,
          "N" : 0
        },
        "bw_min" : 0,
        "bw_max" : 0,
        "bw_agg" : 0.000000,
        "bw_mean" : 0.000000,
        "bw_dev" : 0.000000,
        "bw_samples" : 0,
        "iops_min" : 0,
        "iops_max" : 0,
        "iops_mean" : 0.000000,
        "iops_stddev" : 0.000000,
        "iops_samples" : 0
      },
      "trim" : {
        "io_bytes" : 0,
        "io_kbytes" : 0,
        "bw_bytes" : 0,
        "bw" : 0,
        "iops" : 0.000000,
        "runtime" : 0,
        "total_ios" : 0,
        "short_ios" : 0,
        "drop_ios" : 0,
        "slat_ns" : {
          "min" : 0,
          "max" : 0,
          "mean" : 0.000000,
          "stddev" : 0.000000,
          "N" : 0
        },
        "clat_ns" : {
          "min" : 0,
          "max" : 0,
          "mean" : 0.000000,
          "stddev" : 0.000000,
          "N" : 0
        },
        "lat_ns" : {
          "min" : 0,
          "max" : 0,
          "mean" : 0.000000,
          "stddev" : 0.000000,
          "N" : 0
        },
        "bw_min" : 0,
        "bw_max" : 0,
        "bw_agg" : 0.000000,
        "bw_mean" : 0.000000,
        "bw_dev" : 0.000000,
        "bw_samples" : 0,
        "iops_min" : 0,
        "iops_max" : 0,
        "iops_mean" : 0.000000,
        "iops_stddev" : 0.000000,
        "iops_samples" : 0
      },
      "sync" : {
        "total_ios" : 0,
        "lat_ns" : {
          "min" : 0,
          "max" : 0,
          "mean" : 0.000000,
          "stddev" : 0.000000,
          "N" : 0
        }
      },
      "job_runtime" : 60000,
      "usr_cpu" : 99.968333,
      "sys_cpu" : 0.000000,
      "ctx" : 396,
      "majf" : 0,
      "minf" : 5880,
      "iodepth_level" : {
        "1" : 100.000000,
        "2" : 0.000000,
        "4" : 0.000000,
        "8" : 0.000000,
        "16" : 0.000000,
        "32" : 0.000000,
        ">=64" : 0.000000
      },
      "iodepth_submit" : {
        "0" : 0.000000,
        "4" : 100.000000,
        "8" : 0.000000,
        "16" : 0.000000,
        "32" : 0.000000,
        "64" : 0.000000,
        ">=64" : 0.000000
      },
      "iodepth_complete" : {
        "0" : 0.000000,
        "4" : 100.000000,
        "8" : 0.000000,
        "16" : 0.000000,
        "32" : 0.000000,
        "64" : 0.000000,
        ">=64" : 0.000000
      },
      "latency_ns" : {
        "2" : 0.000000,
        "4" : 0.000000,
        "10" : 0.000000,
        "20" : 0.000000,
        "50" : 0.000000,
        "100" : 0.000000,
        "250" : 0.000000,
        "500" : 0.000000,
        "750" : 0.000000,
        "1000" : 0.000000
      },
      "latency_us" : {
        "2" : 0.000000,
        "4" : 0.000000,
        "10" : 0.000000,
        "20" : 0.000000,
        "50" : 0.000000,
        "100" : 0.000000,
        "250" : 0.000000,
        "500" : 0.000000,
        "750" : 0.000000,
        "1000" : 0.000000
      },
      "latency_ms" : {
        "2" : 2.277810,
        "4" : 88.226117,
        "10" : 9.080035,
        "20" : 0.416038,
        "50" : 0.000000,
        "100" : 0.000000,
        "250" : 0.000000,
        "500" : 0.000000,
        "750" : 0.000000,
        "1000" : 0.000000,
        "2000" : 0.000000,
        ">=2000" : 0.000000
      },
      "latency_depth" : 1,
      "latency_target" : 0,
      "latency_percentile" : 100.000000,
      "latency_window" : 0
    }
  ]
}
