{
  "fio version" : "fio-3.41-53-g9af9",
  "timestamp" : 1774909727,
  "timestamp_ms" : 1774909727216,
  "time" : "Mon Mar 30 15:28:47 2026",
  "jobs" : [
    {
      "jobname" : "data_256KB",
      "groupid" : 0,
      "job_start" : 1774909667061,
      "error" : 0,
      "eta" : 0,
      "elapsed" : 62,
      "job options" : {
        "name" : "data_256KB",
        "rw" : "read",
        "bs" : "262144",
        "direct" : "1",
        "ioengine" : "dfs",
        "iodepth" : "1",
        "numjobs" : "1",
        "size" : "10G",
        "runtime" : "60s",
        "time_based" : "",
        "group_reporting" : "",
        "pool" : "Pool1",
        "cont" : "fio_bench"
      },
      "read" : {
        "io_bytes" : 49376395264,
        "io_kbytes" : 48219136,
        "bw_bytes" : 822926205,
        "bw" : 803638,
        "iops" : 3139.214346,
        "runtime" : 60001,
        "total_ios" : 188356,
        "short_ios" : 0,
        "drop_ios" : 0,
        "slat_ns" : {
          "min" : 3747,
          "max" : 1436462,
          "mean" : 4526.394492,
          "stddev" : 3677.026502,
          "N" : 188356
        },
        "clat_ns" : {
          "min" : 183222,
          "max" : 31788621,
          "mean" : 313760.395735,
          "stddev" : 278275.878706,
          "N" : 188356,
          "percentile" : {
            "1.000000" : 191488,
            "5.000000" : 195584,
            "10.000000" : 197632,
            "20.000000" : 201728,
            "30.000000" : 209920,
            "40.000000" : 216064,
            "50.000000" : 232448,
            "60.000000" : 261120,
            "70.000000" : 284672,
            "80.000000" : 333824,
            "90.000000" : 473088,
            "95.000000" : 667648,
            "99.000000" : 1548288,
            "99.500000" : 2146304,
            "99.900000" : 3031040,
            "99.950000" : 3588096,
            "99.990000" : 4685824
          }
        },
        "lat_ns" : {
          "min" : 187370,
          "max" : 31792769,
          "mean" : 318286.790227,
          "stddev" : 278560.026660,
          "N" : 188356
        },
        "bw_min" : 583168,
        "bw_max" : 1102848,
        "bw_agg" : 100.000000,
        "bw_mean" : 803652.266667,
        "bw_dev" : 147383.899210,
        "bw_samples" : 120,
        "iops_min" : 2278,
        "iops_max" : 4308,
        "iops_mean" : 3139.266667,
        "iops_stddev" : 575.718356,
        "iops_samples" : 120
      },
      "write" : {
        "io_bytes" : 0,
        "io_kbytes" : 0,
        "bw_bytes" : 0,
        "bw" : 0,
        "iops" : 0.000000,
        "runtime" : 0,
        "total_ios" : 0,
        "short_ios" : 0,
        "drop_ios" : 0,
        "slat_ns" : {
          "min" : 0,
          "max" : 0,
          "mean" : 0.000000,
          "stddev" : 0.000000,
          "N" : 0
        },
        "clat_ns" : {
          "min" : 0,
          "max" : 0,
          "mean" : 0.000000,
          "stddev" : 0.000000,
          "N" : 0
        },
        "lat_ns" : {
          "min" : 0,
          "max" : 0,
          "mean" : 0.000000,
          "stddev" : 0.000000,
          "N" : 0
        },
        "bw_min" : 0,
        "bw_max" : 0,
        "bw_agg" : 0.000000,
        "bw_mean" : 0.000000,
        "bw_dev" : 0.000000,
        "bw_samples" : 0,
        "iops_min" : 0,
        "iops_max" : 0,
        "iops_mean" : 0.000000,
        "iops_stddev" : 0.000000,
        "iops_samples" : 0
      },
      "trim" : {
        "io_bytes" : 0,
        "io_kbytes" : 0,
        "bw_bytes" : 0,
        "bw" : 0,
        "iops" : 0.000000,
        "runtime" : 0,
        "total_ios" : 0,
        "short_ios" : 0,
        "drop_ios" : 0,
        "slat_ns" : {
          "min" : 0,
          "max" : 0,
          "mean" : 0.000000,
          "stddev" : 0.000000,
          "N" : 0
        },
        "clat_ns" : {
          "min" : 0,
          "max" : 0,
          "mean" : 0.000000,
          "stddev" : 0.000000,
          "N" : 0
        },
        "lat_ns" : {
          "min" : 0,
          "max" : 0,
          "mean" : 0.000000,
          "stddev" : 0.000000,
          "N" : 0
        },
        "bw_min" : 0,
        "bw_max" : 0,
        "bw_agg" : 0.000000,
        "bw_mean" : 0.000000,
        "bw_dev" : 0.000000,
        "bw_samples" : 0,
        "iops_min" : 0,
        "iops_max" : 0,
        "iops_mean" : 0.000000,
        "iops_stddev" : 0.000000,
        "iops_samples" : 0
      },
      "sync" : {
        "total_ios" : 0,
        "lat_ns" : {
          "min" : 0,
          "max" : 0,
          "mean" : 0.000000,
          "stddev" : 0.000000,
          "N" : 0
        }
      },
      "job_runtime" : 60000,
      "usr_cpu" : 99.981667,
      "sys_cpu" : 0.000000,
      "ctx" : 273,
      "majf" : 0,
      "minf" : 1554,
      "iodepth_level" : {
        "1" : 100.000000,
        "2" : 0.000000,
        "4" : 0.000000,
        "8" : 0.000000,
        "16" : 0.000000,
        "32" : 0.000000,
        ">=64" : 0.000000
      },
      "iodepth_submit" : {
        "0" : 0.000000,
        "4" : 100.000000,
        "8" : 0.000000,
        "16" : 0.000000,
        "32" : 0.000000,
        "64" : 0.000000,
        ">=64" : 0.000000
      },
      "iodepth_complete" : {
        "0" : 0.000000,
        "4" : 100.000000,
        "8" : 0.000000,
        "16" : 0.000000,
        "32" : 0.000000,
        "64" : 0.000000,
        ">=64" : 0.000000
      },
      "latency_ns" : {
        "2" : 0.000000,
        "4" : 0.000000,
        "10" : 0.000000,
        "20" : 0.000000,
        "50" : 0.000000,
        "100" : 0.000000,
        "250" : 0.000000,
        "500" : 0.000000,
        "750" : 0.000000,
        "1000" : 0.000000
      },
      "latency_us" : {
        "2" : 0.000000,
        "4" : 0.000000,
        "10" : 0.000000,
        "20" : 0.000000,
        "50" : 0.000000,
        "100" : 0.000000,
        "250" : 56.454798,
        "500" : 34.562212,
        "750" : 5.121684,
        "1000" : 1.457347
      },
      "latency_ms" : {
        "2" : 1.809340,
        "4" : 0.562764,
        "10" : 0.031324,
        "20" : 0.000000,
        "50" : 0.010000,
        "100" : 0.000000,
        "250" : 0.000000,
        "500" : 0.000000,
        "750" : 0.000000,
        "1000" : 0.000000,
        "2000" : 0.000000,
        ">=2000" : 0.000000
      },
      "latency_depth" : 1,
      "latency_target" : 0,
      "latency_percentile" : 100.000000,
      "latency_window" : 0
    }
  ]
}
