{
  "fio version" : "fio-3.41-53-g9af9",
  "timestamp" : 1774910042,
  "timestamp_ms" : 1774910042760,
  "time" : "Mon Mar 30 15:34:02 2026",
  "jobs" : [
    {
      "jobname" : "data_4MB",
      "groupid" : 0,
      "job_start" : 1774909982417,
      "error" : 0,
      "eta" : 0,
      "elapsed" : 62,
      "job options" : {
        "name" : "data_4MB",
        "rw" : "write",
        "bs" : "4194304",
        "direct" : "1",
        "ioengine" : "dfs",
        "iodepth" : "1",
        "numjobs" : "1",
        "size" : "10G",
        "runtime" : "60s",
        "time_based" : "",
        "group_reporting" : "",
        "pool" : "Pool1",
        "cont" : "fio_bench"
      },
      "read" : {
        "io_bytes" : 0,
        "io_kbytes" : 0,
        "bw_bytes" : 0,
        "bw" : 0,
        "iops" : 0.000000,
        "runtime" : 0,
        "total_ios" : 0,
        "short_ios" : 0,
        "drop_ios" : 0,
        "slat_ns" : {
          "min" : 0,
          "max" : 0,
          "mean" : 0.000000,
          "stddev" : 0.000000,
          "N" : 0
        },
        "clat_ns" : {
          "min" : 0,
          "max" : 0,
          "mean" : 0.000000,
          "stddev" : 0.000000,
          "N" : 0
        },
        "lat_ns" : {
          "min" : 0,
          "max" : 0,
          "mean" : 0.000000,
          "stddev" : 0.000000,
          "N" : 0
        },
        "bw_min" : 0,
        "bw_max" : 0,
        "bw_agg" : 0.000000,
        "bw_mean" : 0.000000,
        "bw_dev" : 0.000000,
        "bw_samples" : 0,
        "iops_min" : 0,
        "iops_max" : 0,
        "iops_mean" : 0.000000,
        "iops_stddev" : 0.000000,
        "iops_samples" : 0
      },
      "write" : {
        "io_bytes" : 219987050496,
        "io_kbytes" : 214831104,
        "bw_bytes" : 3666389735,
        "bw" : 3580458,
        "iops" : 874.135431,
        "runtime" : 60001,
        "total_ios" : 52449,
        "short_ios" : 0,
        "drop_ios" : 0,
        "slat_ns" : {
          "min" : 21590,
          "max" : 22639562,
          "mean" : 32895.585197,
          "stddev" : 98966.748387,
          "N" : 52449
        },
        "clat_ns" : {
          "min" : 631058,
          "max" : 8125188,
          "mean" : 1110695.817690,
          "stddev" : 588547.108448,
          "N" : 52449,
          "percentile" : {
            "1.000000" : 643072,
            "5.000000" : 651264,
            "10.000000" : 692224,
            "20.000000" : 765952,
            "30.000000" : 839680,
            "40.000000" : 921600,
            "50.000000" : 995328,
            "60.000000" : 1011712,
            "70.000000" : 1019904,
            "80.000000" : 1286144,
            "90.000000" : 1613824,
            "95.000000" : 1908736,
            "99.000000" : 4292608,
            "99.500000" : 4685824,
            "99.900000" : 5341184,
            "99.950000" : 5537792,
            "99.990000" : 6258688
          }
        },
        "lat_ns" : {
          "min" : 657217,
          "max" : 30764750,
          "mean" : 1143591.402887,
          "stddev" : 602026.154164,
          "N" : 52449
        },
        "bw_min" : 2826240,
        "bw_max" : 4300800,
        "bw_agg" : 100.000000,
        "bw_mean" : 3580518.400000,
        "bw_dev" : 332067.020243,
        "bw_samples" : 120,
        "iops_min" : 690,
        "iops_max" : 1050,
        "iops_mean" : 874.150000,
        "iops_stddev" : 81.071050,
        "iops_samples" : 120
      },
      "trim" : {
        "io_bytes" : 0,
        "io_kbytes" : 0,
        "bw_bytes" : 0,
        "bw" : 0,
        "iops" : 0.000000,
        "runtime" : 0,
        "total_ios" : 0,
        "short_ios" : 0,
        "drop_ios" : 0,
        "slat_ns" : {
          "min" : 0,
          "max" : 0,
          "mean" : 0.000000,
          "stddev" : 0.000000,
          "N" : 0
        },
        "clat_ns" : {
          "min" : 0,
          "max" : 0,
          "mean" : 0.000000,
          "stddev" : 0.000000,
          "N" : 0
        },
        "lat_ns" : {
          "min" : 0,
          "max" : 0,
          "mean" : 0.000000,
          "stddev" : 0.000000,
          "N" : 0
        },
        "bw_min" : 0,
        "bw_max" : 0,
        "bw_agg" : 0.000000,
        "bw_mean" : 0.000000,
        "bw_dev" : 0.000000,
        "bw_samples" : 0,
        "iops_min" : 0,
        "iops_max" : 0,
        "iops_mean" : 0.000000,
        "iops_stddev" : 0.000000,
        "iops_samples" : 0
      },
      "sync" : {
        "total_ios" : 0,
        "lat_ns" : {
          "min" : 0,
          "max" : 0,
          "mean" : 0.000000,
          "stddev" : 0.000000,
          "N" : 0
        }
      },
      "job_runtime" : 60000,
      "usr_cpu" : 99.976667,
      "sys_cpu" : 0.000000,
      "ctx" : 302,
      "majf" : 0,
      "minf" : 1534,
      "iodepth_level" : {
        "1" : 100.000000,
        "2" : 0.000000,
        "4" : 0.000000,
        "8" : 0.000000,
        "16" : 0.000000,
        "32" : 0.000000,
        ">=64" : 0.000000
      },
      "iodepth_submit" : {
        "0" : 0.000000,
        "4" : 100.000000,
        "8" : 0.000000,
        "16" : 0.000000,
        "32" : 0.000000,
        "64" : 0.000000,
        ">=64" : 0.000000
      },
      "iodepth_complete" : {
        "0" : 0.000000,
        "4" : 100.000000,
        "8" : 0.000000,
        "16" : 0.000000,
        "32" : 0.000000,
        "64" : 0.000000,
        ">=64" : 0.000000
      },
      "latency_ns" : {
        "2" : 0.000000,
        "4" : 0.000000,
        "10" : 0.000000,
        "20" : 0.000000,
        "50" : 0.000000,
        "100" : 0.000000,
        "250" : 0.000000,
        "500" : 0.000000,
        "750" : 0.000000,
        "1000" : 0.000000
      },
      "latency_us" : {
        "2" : 0.000000,
        "4" : 0.000000,
        "10" : 0.000000,
        "20" : 0.000000,
        "50" : 0.000000,
        "100" : 0.000000,
        "250" : 0.000000,
        "500" : 0.000000,
        "750" : 14.621823,
        "1000" : 36.929207
      },
      "latency_ms" : {
        "2" : 44.050411,
        "4" : 3.109688,
        "10" : 1.288871,
        "20" : 0.000000,
        "50" : 0.000000,
        "100" : 0.000000,
        "250" : 0.000000,
        "500" : 0.000000,
        "750" : 0.000000,
        "1000" : 0.000000,
        "2000" : 0.000000,
        ">=2000" : 0.000000
      },
      "latency_depth" : 1,
      "latency_target" : 0,
      "latency_percentile" : 100.000000,
      "latency_window" : 0
    }
  ]
}
