{
  "fio version" : "fio-3.41-53-g9af9",
  "timestamp" : 1774909542,
  "timestamp_ms" : 1774909542398,
  "time" : "Mon Mar 30 15:25:42 2026",
  "jobs" : [
    {
      "jobname" : "data_256KB",
      "groupid" : 0,
      "job_start" : 1774909482198,
      "error" : 0,
      "eta" : 0,
      "elapsed" : 62,
      "job options" : {
        "name" : "data_256KB",
        "rw" : "write",
        "bs" : "262144",
        "direct" : "1",
        "ioengine" : "dfs",
        "iodepth" : "1",
        "numjobs" : "1",
        "size" : "10G",
        "runtime" : "60s",
        "time_based" : "",
        "group_reporting" : "",
        "pool" : "Pool1",
        "cont" : "fio_bench"
      },
      "read" : {
        "io_bytes" : 0,
        "io_kbytes" : 0,
        "bw_bytes" : 0,
        "bw" : 0,
        "iops" : 0.000000,
        "runtime" : 0,
        "total_ios" : 0,
        "short_ios" : 0,
        "drop_ios" : 0,
        "slat_ns" : {
          "min" : 0,
          "max" : 0,
          "mean" : 0.000000,
          "stddev" : 0.000000,
          "N" : 0
        },
        "clat_ns" : {
          "min" : 0,
          "max" : 0,
          "mean" : 0.000000,
          "stddev" : 0.000000,
          "N" : 0
        },
        "lat_ns" : {
          "min" : 0,
          "max" : 0,
          "mean" : 0.000000,
          "stddev" : 0.000000,
          "N" : 0
        },
        "bw_min" : 0,
        "bw_max" : 0,
        "bw_agg" : 0.000000,
        "bw_mean" : 0.000000,
        "bw_dev" : 0.000000,
        "bw_samples" : 0,
        "iops_min" : 0,
        "iops_max" : 0,
        "iops_mean" : 0.000000,
        "iops_stddev" : 0.000000,
        "iops_samples" : 0
      },
      "write" : {
        "io_bytes" : 74852073472,
        "io_kbytes" : 73097728,
        "bw_bytes" : 1247513765,
        "bw" : 1218275,
        "iops" : 4758.887352,
        "runtime" : 60001,
        "total_ios" : 285538,
        "short_ios" : 0,
        "drop_ios" : 0,
        "slat_ns" : {
          "min" : 3918,
          "max" : 1194480,
          "mean" : 4752.784396,
          "stddev" : 2643.318879,
          "N" : 285538
        },
        "clat_ns" : {
          "min" : 133209,
          "max" : 10624653,
          "mean" : 205125.865041,
          "stddev" : 96165.223004,
          "N" : 285538,
          "percentile" : {
            "1.000000" : 171008,
            "5.000000" : 173056,
            "10.000000" : 175104,
            "20.000000" : 177152,
            "30.000000" : 179200,
            "40.000000" : 181248,
            "50.000000" : 183296,
            "60.000000" : 187392,
            "70.000000" : 197632,
            "80.000000" : 254976,
            "90.000000" : 261120,
            "95.000000" : 268288,
            "99.000000" : 284672,
            "99.500000" : 346112,
            "99.900000" : 970752,
            "99.950000" : 2506752,
            "99.990000" : 4358144
          }
        },
        "lat_ns" : {
          "min" : 166261,
          "max" : 11819133,
          "mean" : 209878.649437,
          "stddev" : 96677.507892,
          "N" : 285538
        },
        "bw_min" : 1098752,
        "bw_max" : 1269760,
        "bw_agg" : 100.000000,
        "bw_mean" : 1218295.466667,
        "bw_dev" : 40789.155411,
        "bw_samples" : 120,
        "iops_min" : 4292,
        "iops_max" : 4960,
        "iops_mean" : 4758.966667,
        "iops_stddev" : 159.332638,
        "iops_samples" : 120
      },
      "trim" : {
        "io_bytes" : 0,
        "io_kbytes" : 0,
        "bw_bytes" : 0,
        "bw" : 0,
        "iops" : 0.000000,
        "runtime" : 0,
        "total_ios" : 0,
        "short_ios" : 0,
        "drop_ios" : 0,
        "slat_ns" : {
          "min" : 0,
          "max" : 0,
          "mean" : 0.000000,
          "stddev" : 0.000000,
          "N" : 0
        },
        "clat_ns" : {
          "min" : 0,
          "max" : 0,
          "mean" : 0.000000,
          "stddev" : 0.000000,
          "N" : 0
        },
        "lat_ns" : {
          "min" : 0,
          "max" : 0,
          "mean" : 0.000000,
          "stddev" : 0.000000,
          "N" : 0
        },
        "bw_min" : 0,
        "bw_max" : 0,
        "bw_agg" : 0.000000,
        "bw_mean" : 0.000000,
        "bw_dev" : 0.000000,
        "bw_samples" : 0,
        "iops_min" : 0,
        "iops_max" : 0,
        "iops_mean" : 0.000000,
        "iops_stddev" : 0.000000,
        "iops_samples" : 0
      },
      "sync" : {
        "total_ios" : 0,
        "lat_ns" : {
          "min" : 0,
          "max" : 0,
          "mean" : 0.000000,
          "stddev" : 0.000000,
          "N" : 0
        }
      },
      "job_runtime" : 60000,
      "usr_cpu" : 99.981667,
      "sys_cpu" : 0.000000,
      "ctx" : 273,
      "majf" : 0,
      "minf" : 1497,
      "iodepth_level" : {
        "1" : 100.000000,
        "2" : 0.000000,
        "4" : 0.000000,
        "8" : 0.000000,
        "16" : 0.000000,
        "32" : 0.000000,
        ">=64" : 0.000000
      },
      "iodepth_submit" : {
        "0" : 0.000000,
        "4" : 100.000000,
        "8" : 0.000000,
        "16" : 0.000000,
        "32" : 0.000000,
        "64" : 0.000000,
        ">=64" : 0.000000
      },
      "iodepth_complete" : {
        "0" : 0.000000,
        "4" : 100.000000,
        "8" : 0.000000,
        "16" : 0.000000,
        "32" : 0.000000,
        "64" : 0.000000,
        ">=64" : 0.000000
      },
      "latency_ns" : {
        "2" : 0.000000,
        "4" : 0.000000,
        "10" : 0.000000,
        "20" : 0.000000,
        "50" : 0.000000,
        "100" : 0.000000,
        "250" : 0.000000,
        "500" : 0.000000,
        "750" : 0.000000,
        "1000" : 0.000000
      },
      "latency_us" : {
        "2" : 0.000000,
        "4" : 0.000000,
        "10" : 0.000000,
        "20" : 0.000000,
        "50" : 0.000000,
        "100" : 0.000000,
        "250" : 75.545111,
        "500" : 24.324958,
        "750" : 0.016460,
        "1000" : 0.015760
      },
      "latency_ms" : {
        "2" : 0.035022,
        "4" : 0.042026,
        "10" : 0.020313,
        "20" : 0.010000,
        "50" : 0.000000,
        "100" : 0.000000,
        "250" : 0.000000,
        "500" : 0.000000,
        "750" : 0.000000,
        "1000" : 0.000000,
        "2000" : 0.000000,
        ">=2000" : 0.000000
      },
      "latency_depth" : 1,
      "latency_target" : 0,
      "latency_percentile" : 100.000000,
      "latency_window" : 0
    }
  ]
}
