{
  "fio version" : "fio-3.41-53-g9af9",
  "timestamp" : 1774910798,
  "timestamp_ms" : 1774910798637,
  "time" : "Mon Mar 30 15:46:38 2026",
  "jobs" : [
    {
      "jobname" : "data_256MB",
      "groupid" : 0,
      "job_start" : 1774910738330,
      "error" : 0,
      "eta" : 0,
      "elapsed" : 62,
      "job options" : {
        "name" : "data_256MB",
        "rw" : "write",
        "bs" : "268435456",
        "direct" : "1",
        "ioengine" : "dfs",
        "iodepth" : "1",
        "numjobs" : "1",
        "size" : "10G",
        "runtime" : "60s",
        "time_based" : "",
        "group_reporting" : "",
        "pool" : "Pool1",
        "cont" : "fio_bench"
      },
      "read" : {
        "io_bytes" : 0,
        "io_kbytes" : 0,
        "bw_bytes" : 0,
        "bw" : 0,
        "iops" : 0.000000,
        "runtime" : 0,
        "total_ios" : 0,
        "short_ios" : 0,
        "drop_ios" : 0,
        "slat_ns" : {
          "min" : 0,
          "max" : 0,
          "mean" : 0.000000,
          "stddev" : 0.000000,
          "N" : 0
        },
        "clat_ns" : {
          "min" : 0,
          "max" : 0,
          "mean" : 0.000000,
          "stddev" : 0.000000,
          "N" : 0
        },
        "lat_ns" : {
          "min" : 0,
          "max" : 0,
          "mean" : 0.000000,
          "stddev" : 0.000000,
          "N" : 0
        },
        "bw_min" : 0,
        "bw_max" : 0,
        "bw_agg" : 0.000000,
        "bw_mean" : 0.000000,
        "bw_dev" : 0.000000,
        "bw_samples" : 0,
        "iops_min" : 0,
        "iops_max" : 0,
        "iops_mean" : 0.000000,
        "iops_stddev" : 0.000000,
        "iops_samples" : 0
      },
      "write" : {
        "io_bytes" : 401579442176,
        "io_kbytes" : 392167424,
        "bw_bytes" : 6691986904,
        "bw" : 6535143,
        "iops" : 24.929594,
        "runtime" : 60009,
        "total_ios" : 1496,
        "short_ios" : 0,
        "drop_ios" : 0,
        "slat_ns" : {
          "min" : 3400052,
          "max" : 110320149,
          "mean" : 7760738.125000,
          "stddev" : 3024556.040512,
          "N" : 1496
        },
        "clat_ns" : {
          "min" : 23743251,
          "max" : 226525887,
          "mean" : 32346671.649064,
          "stddev" : 26103702.899630,
          "N" : 1496,
          "percentile" : {
            "1.000000" : 24248320,
            "5.000000" : 24772608,
            "10.000000" : 25034752,
            "20.000000" : 25559040,
            "30.000000" : 25821184,
            "40.000000" : 26345472,
            "50.000000" : 27131904,
            "60.000000" : 27918336,
            "70.000000" : 28966912,
            "80.000000" : 30801920,
            "90.000000" : 33161216,
            "95.000000" : 35913728,
            "99.000000" : 193986560,
            "99.500000" : 200278016,
            "99.900000" : 221249536,
            "99.950000" : 227540992,
            "99.990000" : 227540992
          }
        },
        "lat_ns" : {
          "min" : 28473393,
          "max" : 294016974,
          "mean" : 40107409.774064,
          "stddev" : 26687266.433745,
          "N" : 1496
        },
        "bw_min" : 1048576,
        "bw_max" : 7864320,
        "bw_agg" : 100.000000,
        "bw_mean" : 6536123.733333,
        "bw_dev" : 2061529.778704,
        "bw_samples" : 120,
        "iops_min" : 4,
        "iops_max" : 30,
        "iops_mean" : 24.933333,
        "iops_stddev" : 7.864112,
        "iops_samples" : 120
      },
      "trim" : {
        "io_bytes" : 0,
        "io_kbytes" : 0,
        "bw_bytes" : 0,
        "bw" : 0,
        "iops" : 0.000000,
        "runtime" : 0,
        "total_ios" : 0,
        "short_ios" : 0,
        "drop_ios" : 0,
        "slat_ns" : {
          "min" : 0,
          "max" : 0,
          "mean" : 0.000000,
          "stddev" : 0.000000,
          "N" : 0
        },
        "clat_ns" : {
          "min" : 0,
          "max" : 0,
          "mean" : 0.000000,
          "stddev" : 0.000000,
          "N" : 0
        },
        "lat_ns" : {
          "min" : 0,
          "max" : 0,
          "mean" : 0.000000,
          "stddev" : 0.000000,
          "N" : 0
        },
        "bw_min" : 0,
        "bw_max" : 0,
        "bw_agg" : 0.000000,
        "bw_mean" : 0.000000,
        "bw_dev" : 0.000000,
        "bw_samples" : 0,
        "iops_min" : 0,
        "iops_max" : 0,
        "iops_mean" : 0.000000,
        "iops_stddev" : 0.000000,
        "iops_samples" : 0
      },
      "sync" : {
        "total_ios" : 0,
        "lat_ns" : {
          "min" : 0,
          "max" : 0,
          "mean" : 0.000000,
          "stddev" : 0.000000,
          "N" : 0
        }
      },
      "job_runtime" : 60008,
      "usr_cpu" : 99.728370,
      "sys_cpu" : 0.000000,
      "ctx" : 1844,
      "majf" : 0,
      "minf" : 5979,
      "iodepth_level" : {
        "1" : 100.000000,
        "2" : 0.000000,
        "4" : 0.000000,
        "8" : 0.000000,
        "16" : 0.000000,
        "32" : 0.000000,
        ">=64" : 0.000000
      },
      "iodepth_submit" : {
        "0" : 0.000000,
        "4" : 100.000000,
        "8" : 0.000000,
        "16" : 0.000000,
        "32" : 0.000000,
        "64" : 0.000000,
        ">=64" : 0.000000
      },
      "iodepth_complete" : {
        "0" : 0.000000,
        "4" : 100.000000,
        "8" : 0.000000,
        "16" : 0.000000,
        "32" : 0.000000,
        "64" : 0.000000,
        ">=64" : 0.000000
      },
      "latency_ns" : {
        "2" : 0.000000,
        "4" : 0.000000,
        "10" : 0.000000,
        "20" : 0.000000,
        "50" : 0.000000,
        "100" : 0.000000,
        "250" : 0.000000,
        "500" : 0.000000,
        "750" : 0.000000,
        "1000" : 0.000000
      },
      "latency_us" : {
        "2" : 0.000000,
        "4" : 0.000000,
        "10" : 0.000000,
        "20" : 0.000000,
        "50" : 0.000000,
        "100" : 0.000000,
        "250" : 0.000000,
        "500" : 0.000000,
        "750" : 0.000000,
        "1000" : 0.000000
      },
      "latency_ms" : {
        "2" : 0.000000,
        "4" : 0.000000,
        "10" : 0.000000,
        "20" : 0.000000,
        "50" : 97.058824,
        "100" : 0.200535,
        "250" : 2.740642,
        "500" : 0.000000,
        "750" : 0.000000,
        "1000" : 0.000000,
        "2000" : 0.000000,
        ">=2000" : 0.000000
      },
      "latency_depth" : 1,
      "latency_target" : 0,
      "latency_percentile" : 100.000000,
      "latency_window" : 0
    }
  ]
}
