{
  "fio version" : "fio-3.41-53-g9af9",
  "timestamp" : 1774909792,
  "timestamp_ms" : 1774909792601,
  "time" : "Mon Mar 30 15:29:52 2026",
  "jobs" : [
    {
      "jobname" : "data_1MB",
      "groupid" : 0,
      "job_start" : 1774909732420,
      "error" : 0,
      "eta" : 0,
      "elapsed" : 62,
      "job options" : {
        "name" : "data_1MB",
        "rw" : "write",
        "bs" : "1048576",
        "direct" : "1",
        "ioengine" : "dfs",
        "iodepth" : "1",
        "numjobs" : "1",
        "size" : "10G",
        "runtime" : "60s",
        "time_based" : "",
        "group_reporting" : "",
        "pool" : "Pool1",
        "cont" : "fio_bench"
      },
      "read" : {
        "io_bytes" : 0,
        "io_kbytes" : 0,
        "bw_bytes" : 0,
        "bw" : 0,
        "iops" : 0.000000,
        "runtime" : 0,
        "total_ios" : 0,
        "short_ios" : 0,
        "drop_ios" : 0,
        "slat_ns" : {
          "min" : 0,
          "max" : 0,
          "mean" : 0.000000,
          "stddev" : 0.000000,
          "N" : 0
        },
        "clat_ns" : {
          "min" : 0,
          "max" : 0,
          "mean" : 0.000000,
          "stddev" : 0.000000,
          "N" : 0
        },
        "lat_ns" : {
          "min" : 0,
          "max" : 0,
          "mean" : 0.000000,
          "stddev" : 0.000000,
          "N" : 0
        },
        "bw_min" : 0,
        "bw_max" : 0,
        "bw_agg" : 0.000000,
        "bw_mean" : 0.000000,
        "bw_dev" : 0.000000,
        "bw_samples" : 0,
        "iops_min" : 0,
        "iops_max" : 0,
        "iops_mean" : 0.000000,
        "iops_stddev" : 0.000000,
        "iops_samples" : 0
      },
      "write" : {
        "io_bytes" : 118449242112,
        "io_kbytes" : 115673088,
        "bw_bytes" : 1974121133,
        "bw" : 1927852,
        "iops" : 1882.668622,
        "runtime" : 60001,
        "total_ios" : 112962,
        "short_ios" : 0,
        "drop_ios" : 0,
        "slat_ns" : {
          "min" : 5841,
          "max" : 1365118,
          "mean" : 9199.493679,
          "stddev" : 4830.786722,
          "N" : 112962
        },
        "clat_ns" : {
          "min" : 332140,
          "max" : 35079625,
          "mean" : 521666.924957,
          "stddev" : 327615.039836,
          "N" : 112962,
          "percentile" : {
            "1.000000" : 362496,
            "5.000000" : 366592,
            "10.000000" : 366592,
            "20.000000" : 374784,
            "30.000000" : 378880,
            "40.000000" : 378880,
            "50.000000" : 382976,
            "60.000000" : 444416,
            "70.000000" : 675840,
            "80.000000" : 675840,
            "90.000000" : 684032,
            "95.000000" : 692224,
            "99.000000" : 1499136,
            "99.500000" : 2899968,
            "99.900000" : 4358144,
            "99.950000" : 4489216,
            "99.990000" : 4816896
          }
        },
        "lat_ns" : {
          "min" : 360543,
          "max" : 35085806,
          "mean" : 530866.418636,
          "stddev" : 327932.135357,
          "N" : 112962
        },
        "bw_min" : 1705984,
        "bw_max" : 2095104,
        "bw_agg" : 100.000000,
        "bw_mean" : 1927884.800000,
        "bw_dev" : 85644.216777,
        "bw_samples" : 120,
        "iops_min" : 1666,
        "iops_max" : 2046,
        "iops_mean" : 1882.700000,
        "iops_stddev" : 83.636930,
        "iops_samples" : 120
      },
      "trim" : {
        "io_bytes" : 0,
        "io_kbytes" : 0,
        "bw_bytes" : 0,
        "bw" : 0,
        "iops" : 0.000000,
        "runtime" : 0,
        "total_ios" : 0,
        "short_ios" : 0,
        "drop_ios" : 0,
        "slat_ns" : {
          "min" : 0,
          "max" : 0,
          "mean" : 0.000000,
          "stddev" : 0.000000,
          "N" : 0
        },
        "clat_ns" : {
          "min" : 0,
          "max" : 0,
          "mean" : 0.000000,
          "stddev" : 0.000000,
          "N" : 0
        },
        "lat_ns" : {
          "min" : 0,
          "max" : 0,
          "mean" : 0.000000,
          "stddev" : 0.000000,
          "N" : 0
        },
        "bw_min" : 0,
        "bw_max" : 0,
        "bw_agg" : 0.000000,
        "bw_mean" : 0.000000,
        "bw_dev" : 0.000000,
        "bw_samples" : 0,
        "iops_min" : 0,
        "iops_max" : 0,
        "iops_mean" : 0.000000,
        "iops_stddev" : 0.000000,
        "iops_samples" : 0
      },
      "sync" : {
        "total_ios" : 0,
        "lat_ns" : {
          "min" : 0,
          "max" : 0,
          "mean" : 0.000000,
          "stddev" : 0.000000,
          "N" : 0
        }
      },
      "job_runtime" : 60000,
      "usr_cpu" : 99.980000,
      "sys_cpu" : 0.000000,
      "ctx" : 440,
      "majf" : 0,
      "minf" : 1459,
      "iodepth_level" : {
        "1" : 100.000000,
        "2" : 0.000000,
        "4" : 0.000000,
        "8" : 0.000000,
        "16" : 0.000000,
        "32" : 0.000000,
        ">=64" : 0.000000
      },
      "iodepth_submit" : {
        "0" : 0.000000,
        "4" : 100.000000,
        "8" : 0.000000,
        "16" : 0.000000,
        "32" : 0.000000,
        "64" : 0.000000,
        ">=64" : 0.000000
      },
      "iodepth_complete" : {
        "0" : 0.000000,
        "4" : 100.000000,
        "8" : 0.000000,
        "16" : 0.000000,
        "32" : 0.000000,
        "64" : 0.000000,
        ">=64" : 0.000000
      },
      "latency_ns" : {
        "2" : 0.000000,
        "4" : 0.000000,
        "10" : 0.000000,
        "20" : 0.000000,
        "50" : 0.000000,
        "100" : 0.000000,
        "250" : 0.000000,
        "500" : 0.000000,
        "750" : 0.000000,
        "1000" : 0.000000
      },
      "latency_us" : {
        "2" : 0.000000,
        "4" : 0.000000,
        "10" : 0.000000,
        "20" : 0.000000,
        "50" : 0.000000,
        "100" : 0.000000,
        "250" : 0.000000,
        "500" : 61.205538,
        "750" : 36.791133,
        "1000" : 0.833909
      },
      "latency_ms" : {
        "2" : 0.335511,
        "4" : 0.644465,
        "10" : 0.186788,
        "20" : 0.010000,
        "50" : 0.010000,
        "100" : 0.000000,
        "250" : 0.000000,
        "500" : 0.000000,
        "750" : 0.000000,
        "1000" : 0.000000,
        "2000" : 0.000000,
        ">=2000" : 0.000000
      },
      "latency_depth" : 1,
      "latency_target" : 0,
      "latency_percentile" : 100.000000,
      "latency_window" : 0
    }
  ]
}
