{
  "fio version" : "fio-3.41-53-g9af9",
  "timestamp" : 1774910544,
  "timestamp_ms" : 1774910544371,
  "time" : "Mon Mar 30 15:42:24 2026",
  "jobs" : [
    {
      "jobname" : "data_64MB",
      "groupid" : 0,
      "job_start" : 1774910484209,
      "error" : 0,
      "eta" : 0,
      "elapsed" : 62,
      "job options" : {
        "name" : "data_64MB",
        "rw" : "write",
        "bs" : "67108864",
        "direct" : "1",
        "ioengine" : "dfs",
        "iodepth" : "1",
        "numjobs" : "1",
        "size" : "10G",
        "runtime" : "60s",
        "time_based" : "",
        "group_reporting" : "",
        "pool" : "Pool1",
        "cont" : "fio_bench"
      },
      "read" : {
        "io_bytes" : 0,
        "io_kbytes" : 0,
        "bw_bytes" : 0,
        "bw" : 0,
        "iops" : 0.000000,
        "runtime" : 0,
        "total_ios" : 0,
        "short_ios" : 0,
        "drop_ios" : 0,
        "slat_ns" : {
          "min" : 0,
          "max" : 0,
          "mean" : 0.000000,
          "stddev" : 0.000000,
          "N" : 0
        },
        "clat_ns" : {
          "min" : 0,
          "max" : 0,
          "mean" : 0.000000,
          "stddev" : 0.000000,
          "N" : 0
        },
        "lat_ns" : {
          "min" : 0,
          "max" : 0,
          "mean" : 0.000000,
          "stddev" : 0.000000,
          "N" : 0
        },
        "bw_min" : 0,
        "bw_max" : 0,
        "bw_agg" : 0.000000,
        "bw_mean" : 0.000000,
        "bw_dev" : 0.000000,
        "bw_samples" : 0,
        "iops_min" : 0,
        "iops_max" : 0,
        "iops_mean" : 0.000000,
        "iops_stddev" : 0.000000,
        "iops_samples" : 0
      },
      "write" : {
        "io_bytes" : 371783106560,
        "io_kbytes" : 363069440,
        "bw_bytes" : 6195559034,
        "bw" : 6050350,
        "iops" : 92.321024,
        "runtime" : 60008,
        "total_ios" : 5540,
        "short_ios" : 0,
        "drop_ios" : 0,
        "slat_ns" : {
          "min" : 708573,
          "max" : 146077158,
          "mean" : 1185452.777617,
          "stddev" : 1959776.522379,
          "N" : 5540
        },
        "clat_ns" : {
          "min" : 6194263,
          "max" : 138314987,
          "mean" : 9644687.673105,
          "stddev" : 9023917.764173,
          "N" : 5540,
          "percentile" : {
            "1.000000" : 6455296,
            "5.000000" : 6717440,
            "10.000000" : 6914048,
            "20.000000" : 7110656,
            "30.000000" : 7438336,
            "40.000000" : 7634944,
            "50.000000" : 7897088,
            "60.000000" : 8224768,
            "70.000000" : 8716288,
            "80.000000" : 9371648,
            "90.000000" : 10551296,
            "95.000000" : 11993088,
            "99.000000" : 57409536,
            "99.500000" : 77070336,
            "99.900000" : 110624768,
            "99.950000" : 116916224,
            "99.990000" : 137363456
          }
        },
        "lat_ns" : {
          "min" : 7084716,
          "max" : 249777890,
          "mean" : 10830140.450722,
          "stddev" : 9523886.331239,
          "N" : 5540
        },
        "bw_min" : 917504,
        "bw_max" : 7733248,
        "bw_agg" : 100.000000,
        "bw_mean" : 6051157.333333,
        "bw_dev" : 2102949.521466,
        "bw_samples" : 120,
        "iops_min" : 14,
        "iops_max" : 118,
        "iops_mean" : 92.333333,
        "iops_stddev" : 32.088463,
        "iops_samples" : 120
      },
      "trim" : {
        "io_bytes" : 0,
        "io_kbytes" : 0,
        "bw_bytes" : 0,
        "bw" : 0,
        "iops" : 0.000000,
        "runtime" : 0,
        "total_ios" : 0,
        "short_ios" : 0,
        "drop_ios" : 0,
        "slat_ns" : {
          "min" : 0,
          "max" : 0,
          "mean" : 0.000000,
          "stddev" : 0.000000,
          "N" : 0
        },
        "clat_ns" : {
          "min" : 0,
          "max" : 0,
          "mean" : 0.000000,
          "stddev" : 0.000000,
          "N" : 0
        },
        "lat_ns" : {
          "min" : 0,
          "max" : 0,
          "mean" : 0.000000,
          "stddev" : 0.000000,
          "N" : 0
        },
        "bw_min" : 0,
        "bw_max" : 0,
        "bw_agg" : 0.000000,
        "bw_mean" : 0.000000,
        "bw_dev" : 0.000000,
        "bw_samples" : 0,
        "iops_min" : 0,
        "iops_max" : 0,
        "iops_mean" : 0.000000,
        "iops_stddev" : 0.000000,
        "iops_samples" : 0
      },
      "sync" : {
        "total_ios" : 0,
        "lat_ns" : {
          "min" : 0,
          "max" : 0,
          "mean" : 0.000000,
          "stddev" : 0.000000,
          "N" : 0
        }
      },
      "job_runtime" : 60007,
      "usr_cpu" : 99.910010,
      "sys_cpu" : 0.000000,
      "ctx" : 714,
      "majf" : 0,
      "minf" : 2408,
      "iodepth_level" : {
        "1" : 100.000000,
        "2" : 0.000000,
        "4" : 0.000000,
        "8" : 0.000000,
        "16" : 0.000000,
        "32" : 0.000000,
        ">=64" : 0.000000
      },
      "iodepth_submit" : {
        "0" : 0.000000,
        "4" : 100.000000,
        "8" : 0.000000,
        "16" : 0.000000,
        "32" : 0.000000,
        "64" : 0.000000,
        ">=64" : 0.000000
      },
      "iodepth_complete" : {
        "0" : 0.000000,
        "4" : 100.000000,
        "8" : 0.000000,
        "16" : 0.000000,
        "32" : 0.000000,
        "64" : 0.000000,
        ">=64" : 0.000000
      },
      "latency_ns" : {
        "2" : 0.000000,
        "4" : 0.000000,
        "10" : 0.000000,
        "20" : 0.000000,
        "50" : 0.000000,
        "100" : 0.000000,
        "250" : 0.000000,
        "500" : 0.000000,
        "750" : 0.000000,
        "1000" : 0.000000
      },
      "latency_us" : {
        "2" : 0.000000,
        "4" : 0.000000,
        "10" : 0.000000,
        "20" : 0.000000,
        "50" : 0.000000,
        "100" : 0.000000,
        "250" : 0.000000,
        "500" : 0.000000,
        "750" : 0.000000,
        "1000" : 0.000000
      },
      "latency_ms" : {
        "2" : 0.000000,
        "4" : 0.000000,
        "10" : 86.732852,
        "20" : 10.288809,
        "50" : 1.642599,
        "100" : 1.173285,
        "250" : 0.162455,
        "500" : 0.000000,
        "750" : 0.000000,
        "1000" : 0.000000,
        "2000" : 0.000000,
        ">=2000" : 0.000000
      },
      "latency_depth" : 1,
      "latency_target" : 0,
      "latency_percentile" : 100.000000,
      "latency_window" : 0
    }
  ]
}
