{
  "fio version" : "fio-3.41-53-g9af9",
  "timestamp" : 1774910293,
  "timestamp_ms" : 1774910293211,
  "time" : "Mon Mar 30 15:38:13 2026",
  "jobs" : [
    {
      "jobname" : "data_16MB",
      "groupid" : 0,
      "job_start" : 1774910232835,
      "error" : 0,
      "eta" : 0,
      "elapsed" : 62,
      "job options" : {
        "name" : "data_16MB",
        "rw" : "write",
        "bs" : "16777216",
        "direct" : "1",
        "ioengine" : "dfs",
        "iodepth" : "1",
        "numjobs" : "1",
        "size" : "10G",
        "runtime" : "60s",
        "time_based" : "",
        "group_reporting" : "",
        "pool" : "Pool1",
        "cont" : "fio_bench"
      },
      "read" : {
        "io_bytes" : 0,
        "io_kbytes" : 0,
        "bw_bytes" : 0,
        "bw" : 0,
        "iops" : 0.000000,
        "runtime" : 0,
        "total_ios" : 0,
        "short_ios" : 0,
        "drop_ios" : 0,
        "slat_ns" : {
          "min" : 0,
          "max" : 0,
          "mean" : 0.000000,
          "stddev" : 0.000000,
          "N" : 0
        },
        "clat_ns" : {
          "min" : 0,
          "max" : 0,
          "mean" : 0.000000,
          "stddev" : 0.000000,
          "N" : 0
        },
        "lat_ns" : {
          "min" : 0,
          "max" : 0,
          "mean" : 0.000000,
          "stddev" : 0.000000,
          "N" : 0
        },
        "bw_min" : 0,
        "bw_max" : 0,
        "bw_agg" : 0.000000,
        "bw_mean" : 0.000000,
        "bw_dev" : 0.000000,
        "bw_samples" : 0,
        "iops_min" : 0,
        "iops_max" : 0,
        "iops_mean" : 0.000000,
        "iops_stddev" : 0.000000,
        "iops_samples" : 0
      },
      "write" : {
        "io_bytes" : 262949306368,
        "io_kbytes" : 256786432,
        "bw_bytes" : 4382342361,
        "bw" : 4279631,
        "iops" : 261.207960,
        "runtime" : 60002,
        "total_ios" : 15673,
        "short_ios" : 0,
        "drop_ios" : 0,
        "slat_ns" : {
          "min" : 105777,
          "max" : 25970349,
          "mean" : 145470.686531,
          "stddev" : 208600.944867,
          "N" : 15673
        },
        "clat_ns" : {
          "min" : 1770315,
          "max" : 116519010,
          "mean" : 3682257.973330,
          "stddev" : 5246247.401795,
          "N" : 15673,
          "percentile" : {
            "1.000000" : 1957888,
            "5.000000" : 2023424,
            "10.000000" : 2072576,
            "20.000000" : 2179072,
            "30.000000" : 2342912,
            "40.000000" : 2408448,
            "50.000000" : 2473984,
            "60.000000" : 2703360,
            "70.000000" : 2834432,
            "80.000000" : 3325952,
            "90.000000" : 4751360,
            "95.000000" : 6258688,
            "99.000000" : 31850496,
            "99.500000" : 39583744,
            "99.900000" : 57933824,
            "99.950000" : 77070336,
            "99.990000" : 114819072
          }
        },
        "lat_ns" : {
          "min" : 1923020,
          "max" : 116645977,
          "mean" : 3827728.659861,
          "stddev" : 5267754.082499,
          "N" : 15673
        },
        "bw_min" : 1310720,
        "bw_max" : 6422528,
        "bw_agg" : 100.000000,
        "bw_mean" : 4279773.866667,
        "bw_dev" : 1802163.877669,
        "bw_samples" : 120,
        "iops_min" : 80,
        "iops_max" : 392,
        "iops_mean" : 261.216667,
        "iops_stddev" : 109.995354,
        "iops_samples" : 120
      },
      "trim" : {
        "io_bytes" : 0,
        "io_kbytes" : 0,
        "bw_bytes" : 0,
        "bw" : 0,
        "iops" : 0.000000,
        "runtime" : 0,
        "total_ios" : 0,
        "short_ios" : 0,
        "drop_ios" : 0,
        "slat_ns" : {
          "min" : 0,
          "max" : 0,
          "mean" : 0.000000,
          "stddev" : 0.000000,
          "N" : 0
        },
        "clat_ns" : {
          "min" : 0,
          "max" : 0,
          "mean" : 0.000000,
          "stddev" : 0.000000,
          "N" : 0
        },
        "lat_ns" : {
          "min" : 0,
          "max" : 0,
          "mean" : 0.000000,
          "stddev" : 0.000000,
          "N" : 0
        },
        "bw_min" : 0,
        "bw_max" : 0,
        "bw_agg" : 0.000000,
        "bw_mean" : 0.000000,
        "bw_dev" : 0.000000,
        "bw_samples" : 0,
        "iops_min" : 0,
        "iops_max" : 0,
        "iops_mean" : 0.000000,
        "iops_stddev" : 0.000000,
        "iops_samples" : 0
      },
      "sync" : {
        "total_ios" : 0,
        "lat_ns" : {
          "min" : 0,
          "max" : 0,
          "mean" : 0.000000,
          "stddev" : 0.000000,
          "N" : 0
        }
      },
      "job_runtime" : 60001,
      "usr_cpu" : 99.963334,
      "sys_cpu" : 0.000000,
      "ctx" : 397,
      "majf" : 0,
      "minf" : 1745,
      "iodepth_level" : {
        "1" : 100.000000,
        "2" : 0.000000,
        "4" : 0.000000,
        "8" : 0.000000,
        "16" : 0.000000,
        "32" : 0.000000,
        ">=64" : 0.000000
      },
      "iodepth_submit" : {
        "0" : 0.000000,
        "4" : 100.000000,
        "8" : 0.000000,
        "16" : 0.000000,
        "32" : 0.000000,
        "64" : 0.000000,
        ">=64" : 0.000000
      },
      "iodepth_complete" : {
        "0" : 0.000000,
        "4" : 100.000000,
        "8" : 0.000000,
        "16" : 0.000000,
        "32" : 0.000000,
        "64" : 0.000000,
        ">=64" : 0.000000
      },
      "latency_ns" : {
        "2" : 0.000000,
        "4" : 0.000000,
        "10" : 0.000000,
        "20" : 0.000000,
        "50" : 0.000000,
        "100" : 0.000000,
        "250" : 0.000000,
        "500" : 0.000000,
        "750" : 0.000000,
        "1000" : 0.000000
      },
      "latency_us" : {
        "2" : 0.000000,
        "4" : 0.000000,
        "10" : 0.000000,
        "20" : 0.000000,
        "50" : 0.000000,
        "100" : 0.000000,
        "250" : 0.000000,
        "500" : 0.000000,
        "750" : 0.000000,
        "1000" : 0.000000
      },
      "latency_ms" : {
        "2" : 3.853761,
        "4" : 81.860524,
        "10" : 10.534039,
        "20" : 1.652523,
        "50" : 1.933261,
        "100" : 0.146749,
        "250" : 0.019141,
        "500" : 0.000000,
        "750" : 0.000000,
        "1000" : 0.000000,
        "2000" : 0.000000,
        ">=2000" : 0.000000
      },
      "latency_depth" : 1,
      "latency_target" : 0,
      "latency_percentile" : 100.000000,
      "latency_window" : 0
    }
  ]
}
